{"accuracy": 0.4724619776623984, "f1": 0.45668431695928025, "precision": 0.4760103242896568, "recall": 0.5399138509007879, "total_time_in_seconds": 298.94793487899005, "samples_per_second": 200.36599357759832, "latency_in_seconds": 0.004990866873887545}