{"accuracy": 0.3787709310672966, "f1": 0.34815233537144624, "precision": 0.41115748494351223, "recall": 0.44485910499094744, "total_time_in_seconds": 507.4098269212991, "samples_per_second": 118.04856118659785, "latency_in_seconds": 0.008471090117052021}