{"accuracy": 0.5128967094609259, "f1": 0.32488862333218377, "precision": 0.360705481676381, "recall": 0.3896981369043055, "total_time_in_seconds": 451.14673135615885, "samples_per_second": 132.7705507694626, "latency_in_seconds": 0.007531790703620409}