{"accuracy": 0.4812267316649694, "f1": 0.276092915595056, "precision": 0.5291257514547582, "recall": 0.35946313146012415, "total_time_in_seconds": 879.4382956754416, "samples_per_second": 68.11052042485291, "latency_in_seconds": 0.014682019661020078}