{"accuracy": 0.48144376366884256, "f1": 0.36646263840072807, "precision": 0.4954803174395097, "recall": 0.3885263231328049, "total_time_in_seconds": 283.18842162005603, "samples_per_second": 211.51641602199538, "latency_in_seconds": 0.004727765432145045}