{"accuracy": 0.6060535234311091, "f1": 0.5479368455261282, "precision": 0.6078713536944598, "recall": 0.5509818707673068, "total_time_in_seconds": 509.37770592421293, "samples_per_second": 117.59250415429841, "latency_in_seconds": 0.00850394340346605}