{"accuracy": 0.44650161104525954, "f1": 0.22951003473749362, "precision": 0.2579662023338295, "recall": 0.32778815528450744, "total_time_in_seconds": 751.9035903755575, "samples_per_second": 79.66313868787607, "latency_in_seconds": 0.01255285714912699}