{"accuracy": 0.6010117030334396, "f1": 0.5870235935734787, "precision": 0.5882237700887182, "recall": 0.5945992995166273, "total_time_in_seconds": 1402.1763621550053, "samples_per_second": 42.718592052101926, "latency_in_seconds": 0.023409011204778132}