{"accuracy": 0.6334496402277167, "f1": 0.6300557568714481, "precision": 0.6255394786514455, "recall": 0.6602235861406821, "total_time_in_seconds": 447.91828551515937, "samples_per_second": 133.72751668556916, "latency_in_seconds": 0.00747789254436901}