{"accuracy": 0.675036311123725, "f1": 0.6731913094716431, "precision": 0.6670720008981266, "recall": 0.7081019917874753, "total_time_in_seconds": 909.4294248204678, "samples_per_second": 65.86437426062476, "latency_in_seconds": 0.015182714650001967}