{"accuracy": 0.6204944990734403, "f1": 0.6042965367079609, "precision": 0.6287515684078191, "recall": 0.5941396841317189, "total_time_in_seconds": 450.11487372778356, "samples_per_second": 133.07491819571638, "latency_in_seconds": 0.0075145640783282446}