{"accuracy": 0.8170921050434898, "f1": 0.8150895529216454, "precision": 0.8088987089580367, "recall": 0.8237825267015267, "total_time_in_seconds": 1377.0779121145606, "samples_per_second": 43.49717577564118, "latency_in_seconds": 0.02298999836582515}