{"accuracy": 0.6420140569959432, "f1": 0.6388842472829115, "precision": 0.6417945989960722, "recall": 0.6523986541349865, "total_time_in_seconds": 450.0697685945779, "samples_per_second": 133.08825471003124, "latency_in_seconds": 0.007513811058524815}