{"accuracy": 0.5874221606370724, "f1": 0.5902062851704143, "precision": 0.6042593274009554, "recall": 0.6390857832239724, "total_time_in_seconds": 452.8827923797071, "samples_per_second": 132.2615939661919, "latency_in_seconds": 0.007560773842296317}