{"accuracy": 0.45104258835706773, "f1": 0.38568057291250774, "precision": 0.2957349927537689, "recall": 0.5628305594238182, "total_time_in_seconds": 911.6916694249958, "samples_per_second": 65.70094036043821, "latency_in_seconds": 0.015220482302292122}