{"accuracy": 0.5256348186113291, "f1": 0.4674891692685064, "precision": 0.5426794097675666, "recall": 0.466565418381422, "total_time_in_seconds": 444.6798117607832, "samples_per_second": 134.7014153010905, "latency_in_seconds": 0.007423826971414935}