{"accuracy": 0.6316466051186164, "f1": 0.6313712320710146, "precision": 0.6289353914744701, "recall": 0.6581461855371225, "total_time_in_seconds": 914.501458030194, "samples_per_second": 65.49907545147109, "latency_in_seconds": 0.015267391075480294}