{"accuracy": 0.6010283978029684, "f1": 0.5957874877189945, "precision": 0.6159256347879606, "recall": 0.6638750879030577, "total_time_in_seconds": 897.4091179464012, "samples_per_second": 66.74659171846919, "latency_in_seconds": 0.014982038397075096}