{"accuracy": 0.5277049700328887, "f1": 0.521305858041731, "precision": 0.5307779506359854, "recall": 0.5154679609362418, "total_time_in_seconds": 450.54494654014707, "samples_per_second": 132.9478900162573, "latency_in_seconds": 0.007521744044811217}