{"accuracy": 0.5857025993756156, "f1": 0.5883584649019165, "precision": 0.5843933672540129, "recall": 0.6269929786740184, "total_time_in_seconds": 927.9554094094783, "samples_per_second": 64.54943782063606, "latency_in_seconds": 0.01549200169300787}