{"accuracy": 0.5002086846191088, "f1": 0.4089345271779034, "precision": 0.5218837486400772, "recall": 0.4254916967632332, "total_time_in_seconds": 448.820917584002, "samples_per_second": 133.45857479735045, "latency_in_seconds": 0.007492961778727559}