{"accuracy": 0.3571512045276215, "f1": 0.20869348728390072, "precision": 0.4107041292627042, "recall": 0.3401328832177173, "total_time_in_seconds": 448.3219373691827, "samples_per_second": 133.60711356552372, "latency_in_seconds": 0.007484631419041765}