{"accuracy": 0.35831983839463094, "f1": 0.21035354943859094, "precision": 0.4680545398384335, "recall": 0.3415795634045587, "total_time_in_seconds": 449.7964762356132, "samples_per_second": 133.1691179559699, "latency_in_seconds": 0.007509248505577944}