{"accuracy": 0.5686238501477487, "f1": 0.5685503119928591, "precision": 0.5970833950698319, "recall": 0.615767638728136, "total_time_in_seconds": 521.1714295651764, "samples_per_second": 114.9314728360588, "latency_in_seconds": 0.008700836901537194}