{"accuracy": 0.45378053055977563, "f1": 0.37947575104545156, "precision": 0.4800576611295881, "recall": 0.4119555641153749, "total_time_in_seconds": 303.5003954451531, "samples_per_second": 197.36053362350432, "latency_in_seconds": 0.005066869153828163}