{"accuracy": 0.5110268952737107, "f1": 0.45573976916814507, "precision": 0.5289202742001045, "recall": 0.4545602145399272, "total_time_in_seconds": 520.3473174069077, "samples_per_second": 115.11349822749145, "latency_in_seconds": 0.008687078538989094}