{"accuracy": 0.48197799629376115, "f1": 0.30908480338113, "precision": 0.4366588803334954, "recall": 0.3681769973352335, "total_time_in_seconds": 866.7483936417848, "samples_per_second": 69.10771388721538, "latency_in_seconds": 0.014470164671226311}