{"accuracy": 0.5193575852685354, "f1": 0.4591877790707016, "precision": 0.5743847749076014, "recall": 0.4842590595115825, "total_time_in_seconds": 258.5307566858828, "samples_per_second": 231.69003474808153, "latency_in_seconds": 0.004316111398952951}