{"accuracy": 0.5324462845790414, "f1": 0.43334989097258986, "precision": 0.6106935782211297, "recall": 0.44790692121654047, "total_time_in_seconds": 508.43145374022424, "samples_per_second": 117.81135797039916, "latency_in_seconds": 0.008488145941338324}