{"accuracy": 0.5625302592697707, "f1": 0.5208040380669786, "precision": 0.5524240028056128, "recall": 0.5114787649773391, "total_time_in_seconds": 782.2151159439236, "samples_per_second": 76.57612180981441, "latency_in_seconds": 0.01305890108255436}