{"accuracy": 0.43004056828995474, "f1": 0.33929905675256394, "precision": 0.5433078786932738, "recall": 0.4179441202686776, "total_time_in_seconds": 456.8243322148919, "samples_per_second": 131.12042370769183, "latency_in_seconds": 0.007626576941432944}