{"accuracy": 0.3262825756690429, "f1": 0.19912352930559005, "precision": 0.2555887707881157, "recall": 0.3018218180852251, "total_time_in_seconds": 286.96891282871366, "samples_per_second": 208.72992621243466, "latency_in_seconds": 0.004790879861578886}