{"accuracy": 0.508222173992888, "f1": 0.41126340706922004, "precision": 0.5756047396928112, "recall": 0.4340423012785279, "total_time_in_seconds": 253.7396823912859, "samples_per_second": 236.06477093177404, "latency_in_seconds": 0.004236125517809744}