{"accuracy": 0.4594901417385933, "f1": 0.21368153958611966, "precision": 0.5354078509424811, "recall": 0.33501502923299875, "total_time_in_seconds": 444.08359953574836, "samples_per_second": 134.88226104863884, "latency_in_seconds": 0.007413873345727781}