{"accuracy": 0.2899380624050485, "f1": 0.2774713946643329, "precision": 0.35867619242169707, "recall": 0.38190552148191453, "total_time_in_seconds": 885.0507779791951, "samples_per_second": 67.67860273143339, "latency_in_seconds": 0.014775718759565187}