{"accuracy": 0.4588056561879163, "f1": 0.20998365581834647, "precision": 0.5695935678861856, "recall": 0.33344952868436856, "total_time_in_seconds": 440.33746386133134, "samples_per_second": 136.02976107175624, "latency_in_seconds": 0.007351332474020123}