{"accuracy": 0.46661880832735103, "f1": 0.23548042478226164, "precision": 0.5439117121108423, "recall": 0.34278017581763803, "total_time_in_seconds": 463.00947101973, "samples_per_second": 129.36884394195806, "latency_in_seconds": 0.007729836408282775}