{"accuracy": 0.4587054875707441, "f1": 0.20984698350021871, "precision": 0.2757183958560396, "recall": 0.3333229126421921, "total_time_in_seconds": 447.08459664694965, "samples_per_second": 133.9768814430898, "latency_in_seconds": 0.007463974300855601}