{"accuracy": 0.45498255396584253, "f1": 0.2298146117859201, "precision": 0.38395436278172185, "recall": 0.3343395690354735, "total_time_in_seconds": 502.8268098048866, "samples_per_second": 119.12451530427106, "latency_in_seconds": 0.008394577702547397}