{"accuracy": 0.5353845640160938, "f1": 0.4832886410819162, "precision": 0.6008313611747144, "recall": 0.5165232589287841, "total_time_in_seconds": 505.12864512205124, "samples_per_second": 118.58167335872817, "latency_in_seconds": 0.0084330063126605}