{"accuracy": 0.6022304212090352, "f1": 0.5898040015188594, "precision": 0.6085926923785127, "recall": 0.6019363900587757, "total_time_in_seconds": 437.0772755201906, "samples_per_second": 137.0444160674123, "latency_in_seconds": 0.007296904381044602}