{"accuracy": 0.29751748777108133, "f1": 0.254511704401969, "precision": 0.26308351901320437, "recall": 0.2608643878977099, "total_time_in_seconds": 451.20004479028285, "samples_per_second": 132.75486270804998, "latency_in_seconds": 0.0075326807591158925}