{"accuracy": 0.4531795188567422, "f1": 0.4233330970859417, "precision": 0.43504407887731084, "recall": 0.4269622067174774, "total_time_in_seconds": 971.2150887418538, "samples_per_second": 61.674288933870734, "latency_in_seconds": 0.016214212069347634}