{"accuracy": 0.3627272575502095, "f1": 0.3071689145851095, "precision": 0.35348904524258956, "recall": 0.3517695577459883, "total_time_in_seconds": 556.7206870019436, "samples_per_second": 107.59255295966913, "latency_in_seconds": 0.009294323561360684}