{"accuracy": 0.5199919865106262, "f1": 0.4678184068855948, "precision": 0.5237083350782421, "recall": 0.47685304655201205, "total_time_in_seconds": 445.25104203261435, "samples_per_second": 134.52860149760735, "latency_in_seconds": 0.007433363529150977}