{"accuracy": 0.3714753167832518, "f1": 0.30216486627445194, "precision": 0.560444331895872, "recall": 0.42564432778852823, "total_time_in_seconds": 441.71989797987044, "samples_per_second": 135.6040338547974, "latency_in_seconds": 0.0073744118930177535}