{"accuracy": 0.4637973922769996, "f1": 0.2512962854422235, "precision": 0.48465011436126604, "recall": 0.3459078524027214, "total_time_in_seconds": 451.33663703128695, "samples_per_second": 132.7146858584134, "latency_in_seconds": 0.007534961135098866}