{"accuracy": 0.3102889864605419, "f1": 0.22943407687115577, "precision": 0.26438220872933277, "recall": 0.29295851816690294, "total_time_in_seconds": 1316.7283916696906, "samples_per_second": 45.49077879610728, "latency_in_seconds": 0.021982477030830075}