{"accuracy": 0.4909764770697341, "f1": 0.33870458429268907, "precision": 0.6172243410351294, "recall": 0.39405257651963227, "total_time_in_seconds": 460.9369324333966, "samples_per_second": 129.95053289346725, "latency_in_seconds": 0.007695235854244588}