{"accuracy": 0.4587555718793302, "f1": 0.2096561300708798, "precision": 0.15291852395977673, "recall": 0.3333333333333333, "total_time_in_seconds": 451.84007796272635, "samples_per_second": 132.56681494495768, "latency_in_seconds": 0.0075433659654205645}