{"accuracy": 0.37588273593883037, "f1": 0.33845449019624185, "precision": 0.42830879323778087, "recall": 0.47210992985714384, "total_time_in_seconds": 281.61733826063573, "samples_per_second": 212.69642121453373, "latency_in_seconds": 0.004701536557549136}