{"accuracy": 0.5139317851717057, "f1": 0.3729116885747201, "precision": 0.5951330624521605, "recall": 0.4093649448974743, "total_time_in_seconds": 451.4178541600704, "samples_per_second": 132.6908084117562, "latency_in_seconds": 0.0075363170363456885}