{"accuracy": 0.5173208233860331, "f1": 0.49889012577665665, "precision": 0.5050530087502573, "recall": 0.5105351816371355, "total_time_in_seconds": 451.96718301437795, "samples_per_second": 132.52953367212615, "latency_in_seconds": 0.007545487954963821}