{"accuracy": 0.3890048247883938, "f1": 0.27718984287715315, "precision": 0.3572655779273693, "recall": 0.35176282270602627, "total_time_in_seconds": 181.97571197152138, "samples_per_second": 329.1593111578209, "latency_in_seconds": 0.003038042571186854}