{"accuracy": 0.5363695554182875, "f1": 0.43221329974078176, "precision": 0.6596676151234075, "recall": 0.45101621647622503, "total_time_in_seconds": 854.918898832053, "samples_per_second": 70.06395586976845, "latency_in_seconds": 0.014272673981736808}