{"accuracy": 0.29352743785372043, "f1": 0.3138679686547659, "precision": 0.4167111071643364, "recall": 0.328161346780403, "total_time_in_seconds": 1345.3534406088293, "samples_per_second": 44.522872720266854, "latency_in_seconds": 0.022460365625616943}