{"accuracy": 0.8077597288769428, "f1": 0.8033213685409321, "precision": 0.8082822714305197, "recall": 0.7989913029751833, "total_time_in_seconds": 255.94363743439317, "samples_per_second": 234.0319947017792, "latency_in_seconds": 0.004272920039306051}