{"accuracy": 0.7758393295380557, "f1": 0.7627340965005717, "precision": 0.7862164861171429, "recall": 0.750062897100887, "total_time_in_seconds": 446.5866677071899, "samples_per_second": 134.12626110744873, "latency_in_seconds": 0.00745566149196464}