{"accuracy": 0.7560894171855957, "f1": 0.7309657330805276, "precision": 0.7841929857590969, "recall": 0.7095081261220336, "total_time_in_seconds": 457.2453960701823, "samples_per_second": 130.9996787606936, "latency_in_seconds": 0.0076336065054538865}