{"accuracy": 0.8059900833068999, "f1": 0.8012631567346841, "precision": 0.8057106888030919, "recall": 0.7973123443777125, "total_time_in_seconds": 253.32229341939092, "samples_per_second": 236.45372537676127, "latency_in_seconds": 0.004229157305120134}