{"accuracy": 0.8004474198233693, "f1": 0.7949724753872381, "precision": 0.8052278212885394, "recall": 0.7908535615390483, "total_time_in_seconds": 451.9454342518002, "samples_per_second": 132.5359113300112, "latency_in_seconds": 0.007545124864385052}