{"accuracy": 0.432077330172457, "f1": 0.3712035157135685, "precision": 0.4942975131961245, "recall": 0.4874011937675056, "total_time_in_seconds": 1293.1983874496073, "samples_per_second": 46.31849264684775, "latency_in_seconds": 0.021589649033366288}