{"accuracy": 0.48585118282442114, "f1": 0.40052897706255547, "precision": 0.4601012080663476, "recall": 0.4080166991142861, "total_time_in_seconds": 832.7879415675998, "samples_per_second": 71.92587333487204, "latency_in_seconds": 0.013903202750757104}