{"accuracy": 0.5233810247249536, "f1": 0.5233751730823185, "precision": 0.5340704489356716, "recall": 0.5717941293114516, "total_time_in_seconds": 857.7908611278981, "samples_per_second": 69.82937533426222, "latency_in_seconds": 0.014320620730361076}