{"accuracy": 0.6498105143658491, "f1": 0.630931334542686, "precision": 0.6561407705030959, "recall": 0.62308959276743, "total_time_in_seconds": 249.3865664359182, "samples_per_second": 240.18535102367474, "latency_in_seconds": 0.004163451250203146}