{"accuracy": 0.605085226798444, "f1": 0.5841493698084933, "precision": 0.5847331167454665, "recall": 0.5888037598553506, "total_time_in_seconds": 452.260516198352, "samples_per_second": 132.44357589184185, "latency_in_seconds": 0.00755038508486539}