{"accuracy": 0.6699611011869981, "f1": 0.6664070344590091, "precision": 0.6625729260824258, "recall": 0.6720714074811788, "total_time_in_seconds": 495.91273467987776, "samples_per_second": 120.78536365609986, "latency_in_seconds": 0.008279148811831212}