{"accuracy": 0.6654201238751899, "f1": 0.6558243377216205, "precision": 0.6806496993478928, "recall": 0.6508056643204311, "total_time_in_seconds": 2565.171937111765, "samples_per_second": 23.35087139127321, "latency_in_seconds": 0.04282495429158693}