{"accuracy": 0.5958864087881267, "f1": 0.5796906611351959, "precision": 0.6141149337400001, "recall": 0.5920031679104576, "total_time_in_seconds": 1333.8551392052323, "samples_per_second": 44.90667557474823, "latency_in_seconds": 0.022268404133712286}