{"accuracy": 0.29005492579174946, "f1": 0.2150472304701989, "precision": 0.20496487730135904, "recall": 0.2357090457509564, "total_time_in_seconds": 452.25102248229086, "samples_per_second": 132.4463561657188, "latency_in_seconds": 0.007550226589463778}