{"accuracy": 0.2909397485767709, "f1": 0.21186234083521369, "precision": 0.19825360642522472, "recall": 0.23106506131391533, "total_time_in_seconds": 445.9943120665848, "samples_per_second": 134.3044033957486, "latency_in_seconds": 0.007445772251065708}