{"accuracy": 0.3024758343211072, "f1": 0.2166228912612914, "precision": 0.20019206021997346, "recall": 0.23745489342273443, "total_time_in_seconds": 449.23630309291184, "samples_per_second": 133.33517257533745, "latency_in_seconds": 0.007499896544064372}