{"accuracy": 0.2853470007846542, "f1": 0.2084293981719171, "precision": 0.19545234891387334, "recall": 0.22736123224268645, "total_time_in_seconds": 449.0795499738306, "samples_per_second": 133.38171378209165, "latency_in_seconds": 0.007497279586868405}