{"accuracy": 0.5949236483697895, "f1": 0.25115216437164406, "precision": 0.8648630042682087, "recall": 0.3346188854283581, "total_time_in_seconds": 54.36866309703328, "samples_per_second": 89.13222661648325, "latency_in_seconds": 0.0112192866481703}