{"accuracy": 0.6557985967808502, "f1": 0.5669694270882477, "precision": 0.6248645904967743, "recall": 0.5650969229962156, "total_time_in_seconds": 60.081196539103985, "samples_per_second": 80.65751481573723, "latency_in_seconds": 0.012398100812856786}