{"accuracy": 0.280643829962856, "f1": 0.16176552667660918, "precision": 0.25028282522943573, "recall": 0.3358718858942131, "total_time_in_seconds": 64.98370605893433, "samples_per_second": 74.57253970103086, "latency_in_seconds": 0.013409761877617485}