{"accuracy": 0.6083367725959554, "f1": 0.311013040067942, "precision": 0.727843776412497, "recall": 0.36282538993502017, "total_time_in_seconds": 42.706696124980226, "samples_per_second": 113.47166696806246, "latency_in_seconds": 0.008812772621745816}