{"accuracy": 0.5802723895996699, "f1": 0.3132815804627851, "precision": 0.4429832656702406, "recall": 0.35232981203227015, "total_time_in_seconds": 32.87890243087895, "samples_per_second": 147.3893482359305, "latency_in_seconds": 0.006784750811159503}