{"accuracy": 0.9141560049525381, "f1": 0.902247888241471, "precision": 0.8976824636884252, "recall": 0.9085070069550435, "total_time_in_seconds": 52.9043031160254, "samples_per_second": 91.59935420323274, "latency_in_seconds": 0.010917107535292077}