{"accuracy": 0.706562113082955, "f1": 0.6572776525638707, "precision": 0.7189059304972311, "recall": 0.6233424571222731, "total_time_in_seconds": 60.56402073614299, "samples_per_second": 80.01450268819481, "latency_in_seconds": 0.01249773436569191}