{"accuracy": 0.41725134131242264, "f1": 0.4093893350543038, "precision": 0.4895980403714686, "recall": 0.5555191479932171, "total_time_in_seconds": 26.384180244989693, "samples_per_second": 183.6706676122805, "latency_in_seconds": 0.005444527495870759}