{"accuracy": 0.9067271976888155, "f1": 0.8985741952825134, "precision": 0.9105373188399214, "recall": 0.8877672664117012, "total_time_in_seconds": 74.6413363898173, "samples_per_second": 64.92381077814008, "latency_in_seconds": 0.01540266949851781}