{"accuracy": 0.45480808914568716, "f1": 0.4281445701951327, "precision": 0.4869454938444729, "recall": 0.5560013188596563, "total_time_in_seconds": 54.118281135801226, "samples_per_second": 89.54460301205305, "latency_in_seconds": 0.011167618888939584}