{"accuracy": 0.26496079240610815, "f1": 0.2587889488932679, "precision": 0.3566511698079429, "recall": 0.4280812329112491, "total_time_in_seconds": 31.10486749908887, "samples_per_second": 155.7955519386781, "latency_in_seconds": 0.006418668489287839}