{"accuracy": 0.5365249690466364, "f1": 0.3369863692771224, "precision": 0.3790180328731731, "recall": 0.35367763070669617, "total_time_in_seconds": 56.22827973915264, "samples_per_second": 86.18439017663302, "latency_in_seconds": 0.011603029248690186}