{"accuracy": 0.8895996698307883, "f1": 0.8825330133105712, "precision": 0.8583841849307839, "recall": 0.9162994939486847, "total_time_in_seconds": 58.0863575048279, "samples_per_second": 83.42750704581915, "latency_in_seconds": 0.011986454293196017}