{"accuracy": 0.12463887742468015, "f1": 0.07388379204892967, "precision": 0.04154629247489338, "recall": 0.3333333333333333, "total_time_in_seconds": 43.08152757002972, "samples_per_second": 112.48440511127997, "latency_in_seconds": 0.008890121248458465}