{"accuracy": 0.1832439125051589, "f1": 0.1877888144725289, "precision": 0.4123350458480191, "recall": 0.3656233554487462, "total_time_in_seconds": 55.47196697816253, "samples_per_second": 87.35944052439513, "latency_in_seconds": 0.011446959756121033}