{"accuracy": 0.6630210482872472, "f1": 0.5571983685501932, "precision": 0.6453570074262801, "recall": 0.542941147064563, "total_time_in_seconds": 53.02494275895879, "samples_per_second": 91.39095202853845, "latency_in_seconds": 0.010942002220173089}