{"accuracy": 0.28745356995460175, "f1": 0.2869655600635843, "precision": 0.3745155650828442, "recall": 0.40164912396060876, "total_time_in_seconds": 57.51475286204368, "samples_per_second": 84.25664301511885, "latency_in_seconds": 0.011868500384243435}