{"accuracy": 0.5445728435823359, "f1": 0.3305805278942738, "precision": 0.3838785098757848, "recall": 0.3511775654237019, "total_time_in_seconds": 52.03187556285411, "samples_per_second": 93.13521658749488, "latency_in_seconds": 0.010737077086845669}