{"accuracy": 0.40119200654434967, "f1": 0.365371418741506, "precision": 0.4266550454564066, "recall": 0.4692880641549125, "total_time_in_seconds": 907.9375097043812, "samples_per_second": 65.97260203458578, "latency_in_seconds": 0.015157807470982507}