{"accuracy": 0.49596821315881734, "f1": 0.3549968836778424, "precision": 0.541290806241103, "recall": 0.39310322797758307, "total_time_in_seconds": 507.95899990107864, "samples_per_second": 117.92093458658061, "latency_in_seconds": 0.008480258433380834}