{"accuracy": 0.5136145845506602, "f1": 0.41358352879497745, "precision": 0.5207541172470336, "recall": 0.4247687278983316, "total_time_in_seconds": 502.39789600484073, "samples_per_second": 119.22621586660239, "latency_in_seconds": 0.00838741708550795}