{"accuracy": 0.5912118733200888, "f1": 0.5518986042856141, "precision": 0.6133054084935149, "recall": 0.5356994911175109, "total_time_in_seconds": 903.9012938458472, "samples_per_second": 66.26719134912011, "latency_in_seconds": 0.015090423777456171}