{"accuracy": 0.6441342927260889, "f1": 0.6258400638497889, "precision": 0.6512926491012009, "recall": 0.6195486709677076, "total_time_in_seconds": 256.61577512393706, "samples_per_second": 233.41900929929477, "latency_in_seconds": 0.004284141223124544}