{"accuracy": 0.3950650261273143, "f1": 0.368908913453271, "precision": 0.4635099028379512, "recall": 0.421679798254341, "total_time_in_seconds": 426.88995084306225, "samples_per_second": 140.3148513608855, "latency_in_seconds": 0.007126829343445838}