{"accuracy": 0.8314329120686489, "f1": 0.8268014967968144, "precision": 0.823748012710558, "recall": 0.8302500194688642, "total_time_in_seconds": 253.34274479933083, "samples_per_second": 236.4346373820381, "latency_in_seconds": 0.004229498736194775}