{"accuracy": 0.45915624634801916, "f1": 0.2130750860383657, "precision": 0.5133370611471945, "recall": 0.33408640948319857, "total_time_in_seconds": 899.9146451950073, "samples_per_second": 66.56075697825783, "latency_in_seconds": 0.01502386759703847}