{"accuracy": 0.5102422411058616, "f1": 0.39468130340269236, "precision": 0.5271645490724644, "recall": 0.41500646952701414, "total_time_in_seconds": 279.09654072858393, "samples_per_second": 214.61749344378524, "latency_in_seconds": 0.004659452423722999}