{"accuracy": 0.6458204644484883, "f1": 0.5934807899216229, "precision": 0.6400207426452146, "recall": 0.5850392166856141, "total_time_in_seconds": 511.4757509045303, "samples_per_second": 117.11014626611394, "latency_in_seconds": 0.008538969780873307}