{"accuracy": 0.35130803519257414, "f1": 0.17331751954074112, "precision": 0.11710267839752471, "recall": 0.3333333333333333, "total_time_in_seconds": 457.44773352891207, "samples_per_second": 130.9417352184, "latency_in_seconds": 0.007636984482694403}