{"accuracy": 0.4668859246398103, "f1": 0.27543111533657444, "precision": 0.5096780420821423, "recall": 0.3551297048805075, "total_time_in_seconds": 446.981850868091, "samples_per_second": 134.00767812757752, "latency_in_seconds": 0.007462258983757509}