{"accuracy": 0.44757007629509676, "f1": 0.4185700556751204, "precision": 0.49291190753674535, "recall": 0.4697987224598343, "total_time_in_seconds": 455.76867580227554, "samples_per_second": 131.42412627318373, "latency_in_seconds": 0.007608953000922813}