{"accuracy": 0.406066879246732, "f1": 0.33749494849665257, "precision": 0.4498823829783878, "recall": 0.4140786639833927, "total_time_in_seconds": 447.044726844877, "samples_per_second": 133.98883020665792, "latency_in_seconds": 0.007463308683698843}