{"accuracy": 0.46034157498455736, "f1": 0.22363722528537514, "precision": 0.5069352643769283, "recall": 0.3378110130074083, "total_time_in_seconds": 897.7570646572858, "samples_per_second": 66.72072251847568, "latency_in_seconds": 0.014987847287221587}