{"accuracy": 0.4653500058431693, "f1": 0.4006400581440399, "precision": 0.31255039587210726, "recall": 0.5609558113483252, "total_time_in_seconds": 908.1268218755722, "samples_per_second": 65.95884909146216, "latency_in_seconds": 0.01516096799404952}