{"accuracy": 0.5587405465867543, "f1": 0.5426687239044276, "precision": 0.5806501405175901, "recall": 0.5687411939481266, "total_time_in_seconds": 466.6716595888138, "samples_per_second": 128.3536267292881, "latency_in_seconds": 0.007790975802414293}