{"accuracy": 0.6765722299203659, "f1": 0.6741785613488757, "precision": 0.666564443182608, "recall": 0.7039597275833908, "total_time_in_seconds": 500.7094269338995, "samples_per_second": 119.6282649735442, "latency_in_seconds": 0.008359228483512237}