{"accuracy": 0.6347184427118984, "f1": 0.6204349982285418, "precision": 0.6157867964907875, "recall": 0.6273842657360377, "total_time_in_seconds": 903.4399762880057, "samples_per_second": 66.30102892514125, "latency_in_seconds": 0.015082722187148463}