{"accuracy": 0.8315998597639359, "f1": 0.8302831339993962, "precision": 0.8232716106815053, "recall": 0.8396143953520938, "total_time_in_seconds": 501.6325754839927, "samples_per_second": 119.40811447942221, "latency_in_seconds": 0.008374640235796803}