{"accuracy": 0.6824821783335281, "f1": 0.6827720262815221, "precision": 0.6759613171400721, "recall": 0.7138202108393757, "total_time_in_seconds": 498.69742023781873, "samples_per_second": 120.11090807615443, "latency_in_seconds": 0.008325638495430955}