{"accuracy": 0.81463797392277, "f1": 0.81395378289018, "precision": 0.8065023602040227, "recall": 0.8242719807031854, "total_time_in_seconds": 477.87837738194503, "samples_per_second": 125.34360798694524, "latency_in_seconds": 0.007978069373143876}