{"accuracy": 0.6416300772967829, "f1": 0.6375629233835718, "precision": 0.6323570144243806, "recall": 0.6631071845627472, "total_time_in_seconds": 442.87356934323907, "samples_per_second": 135.25078972047808, "latency_in_seconds": 0.007393672170541063}