{"accuracy": 0.5727140686822818, "f1": 0.5589605613048122, "precision": 0.568199113379253, "recall": 0.5722693298599102, "total_time_in_seconds": 873.4449915643781, "samples_per_second": 68.57787333890171, "latency_in_seconds": 0.014581962830170422}