{"accuracy": 0.6853870682315231, "f1": 0.68495875149799, "precision": 0.6774390789580423, "recall": 0.7216348737428354, "total_time_in_seconds": 514.9724983926862, "samples_per_second": 116.31494921953039, "latency_in_seconds": 0.008597347174288157}