{"accuracy": 0.5811616220638074, "f1": 0.5818154442556044, "precision": 0.590870618458525, "recall": 0.6481623480508242, "total_time_in_seconds": 904.8392127938569, "samples_per_second": 66.19850151614325, "latency_in_seconds": 0.0151060821181298}