{"accuracy": 0.45887243526603116, "f1": 0.21173035894952785, "precision": 0.3127606282527904, "recall": 0.3336779540114741, "total_time_in_seconds": 853.2607008256018, "samples_per_second": 70.20011579349976, "latency_in_seconds": 0.014244990748186142}