{"accuracy": 0.6205445833820264, "f1": 0.5706930347225024, "precision": 0.7104185862451003, "recall": 0.5597634433000422, "total_time_in_seconds": 451.8970628469251, "samples_per_second": 132.55009807463628, "latency_in_seconds": 0.0075443173149288825}