{"accuracy": 0.4913103724603082, "f1": 0.44659345419020774, "precision": 0.5852901342010569, "recall": 0.5150866502150301, "total_time_in_seconds": 888.4744048193097, "samples_per_second": 67.41781156000971, "latency_in_seconds": 0.014832875420613192}