{"accuracy": 0.4793235279386968, "f1": 0.36172408993285443, "precision": 0.4390968501836678, "recall": 0.3864369580431937, "total_time_in_seconds": 495.0726864300668, "samples_per_second": 120.99031443630497, "latency_in_seconds": 0.008265124399907625}