{"accuracy": 0.6073390206848195, "f1": 0.5838840226394723, "precision": 0.6010463905006943, "recall": 0.5754798465066591, "total_time_in_seconds": 1814.7565497942269, "samples_per_second": 33.00663111357382, "latency_in_seconds": 0.030296942349525482}