{"accuracy": 0.35820297500793, "f1": 0.20999159607084503, "precision": 0.46909747368890614, "recall": 0.34070221265299794, "total_time_in_seconds": 889.6134689915925, "samples_per_second": 67.3314895601767, "latency_in_seconds": 0.014851891834447864}