{"accuracy": 0.36484749328035526, "f1": 0.22179780527032442, "precision": 0.47692292062674396, "recall": 0.3529379389764517, "total_time_in_seconds": 441.59628443978727, "samples_per_second": 135.64199272190066, "latency_in_seconds": 0.007372348193455438}