{"accuracy": 0.5080051419890148, "f1": 0.5099336090248833, "precision": 0.6030422062970754, "recall": 0.5835241023064353, "total_time_in_seconds": 891.7563299741596, "samples_per_second": 67.16969421650833, "latency_in_seconds": 0.014887666404683877}