{"accuracy": 0.47992453964173026, "f1": 0.4710179652181193, "precision": 0.46694866673020446, "recall": 0.47886310861878245, "total_time_in_seconds": 564.3364532925189, "samples_per_second": 106.14058271538217, "latency_in_seconds": 0.009421467024366331}