{"accuracy": 0.36252692031586503, "f1": 0.2717346090582637, "precision": 0.3032112496462856, "recall": 0.3110074535253212, "total_time_in_seconds": 449.08086439035833, "samples_per_second": 133.38132338663507, "latency_in_seconds": 0.007497301530749401}