{"accuracy": 0.5169368436868729, "f1": 0.499702456309447, "precision": 0.51446356906097, "recall": 0.502961095067865, "total_time_in_seconds": 264.3898404580541, "samples_per_second": 226.55560401347222, "latency_in_seconds": 0.004413927452178736}