{"accuracy": 0.614250655269704, "f1": 0.6055513372107738, "precision": 0.6487284655620402, "recall": 0.6402900029056559, "total_time_in_seconds": 1411.1749013848603, "samples_per_second": 42.44619142617825, "latency_in_seconds": 0.023559239743315585}