{"accuracy": 0.37179251740429725, "f1": 0.28751887568909784, "precision": 0.36353448214757833, "recall": 0.35003639509211065, "total_time_in_seconds": 433.3418515820522, "samples_per_second": 138.22574436630032, "latency_in_seconds": 0.007234542339305368}