{"accuracy": 0.6670228217499458, "f1": 0.6496023406820585, "precision": 0.6826040525844995, "recall": 0.6384367520323697, "total_time_in_seconds": 903.1242703255266, "samples_per_second": 66.32420583538266, "latency_in_seconds": 0.015077451548866036}