{"accuracy": 0.8192624250822217, "f1": 0.8180293292260075, "precision": 0.8128512691226017, "recall": 0.8241206067687005, "total_time_in_seconds": 495.79117530118674, "samples_per_second": 120.81497812786226, "latency_in_seconds": 0.008277119406019913}