{"accuracy": 0.5350673633950483, "f1": 0.4607804033680547, "precision": 0.5680625438500729, "recall": 0.4654176116373791, "total_time_in_seconds": 524.7236429580953, "samples_per_second": 114.1534230520342, "latency_in_seconds": 0.008760140285448761}