{"accuracy": 0.5492746122639777, "f1": 0.5281038122999138, "precision": 0.5397992044669766, "recall": 0.5313453975989256, "total_time_in_seconds": 503.91957188397646, "samples_per_second": 118.86619084084965, "latency_in_seconds": 0.008412821113607513}