{"accuracy": 0.5121621396016628, "f1": 0.3470062465541706, "precision": 0.5100356511899632, "recall": 0.39601856580234324, "total_time_in_seconds": 506.8936174120754, "samples_per_second": 118.1687792910313, "latency_in_seconds": 0.008462472118267006}