{"accuracy": 0.5240822050451593, "f1": 0.36605692572796117, "precision": 0.46757769988382325, "recall": 0.4108045219215408, "total_time_in_seconds": 258.1514621656388, "samples_per_second": 232.03045025391626, "latency_in_seconds": 0.004309779164353976}