{"accuracy": 0.5273543798727859, "f1": 0.4811986683315894, "precision": 0.5758903820896046, "recall": 0.4933369676626275, "total_time_in_seconds": 521.6454168818891, "samples_per_second": 114.82704162924205, "latency_in_seconds": 0.008708750010549243}