{"accuracy": 0.45504933304395734, "f1": 0.21594839722571066, "precision": 0.3028034548317056, "recall": 0.33151086034974664, "total_time_in_seconds": 450.8155666589737, "samples_per_second": 132.86808271487996, "latency_in_seconds": 0.007526261985324858}