{"accuracy": 0.5298919848411493, "f1": 0.443053645511851, "precision": 0.6177046446009169, "recall": 0.45516775434806706, "total_time_in_seconds": 435.8843310500961, "samples_per_second": 137.41948432901071, "latency_in_seconds": 0.007276988448055829}