{"accuracy": 0.47591779495484066, "f1": 0.31612561877391365, "precision": 0.5144022443389201, "recall": 0.3706373006228509, "total_time_in_seconds": 257.0829301737249, "samples_per_second": 232.99485484906756, "latency_in_seconds": 0.004291940269014923}