{"accuracy": 0.4953338119167265, "f1": 0.3689175291649455, "precision": 0.5777167424640509, "recall": 0.40583264435956146, "total_time_in_seconds": 444.6293054446578, "samples_per_second": 134.71671629942873, "latency_in_seconds": 0.007422983780107477}