{"accuracy": 0.4411759795656021, "f1": 0.23918992135163464, "precision": 0.2284873649992023, "recall": 0.3256093956566895, "total_time_in_seconds": 902.4915188811719, "samples_per_second": 66.37070681202346, "latency_in_seconds": 0.015066887909333578}