{"accuracy": 0.3526937010634568, "f1": 0.20707758268215018, "precision": 0.3637854261035869, "recall": 0.34108095517435927, "total_time_in_seconds": 508.09427846898325, "samples_per_second": 117.88953849370408, "latency_in_seconds": 0.008482516877894176}