{"accuracy": 0.5372209886642515, "f1": 0.5392126387979219, "precision": 0.5786910623956111, "recall": 0.5934471598130128, "total_time_in_seconds": 261.889530204935, "samples_per_second": 228.71857440474065, "latency_in_seconds": 0.004372185348752651}