{"accuracy": 0.4587555718793302, "f1": 0.20974265331443728, "precision": 0.31958381335604047, "recall": 0.33334446364834996, "total_time_in_seconds": 454.84634258411825, "samples_per_second": 131.69062690423286, "latency_in_seconds": 0.0075935548604170065}