{"accuracy": 0.4587555718793302, "f1": 0.2096561300708798, "precision": 0.15291852395977673, "recall": 0.3333333333333333, "total_time_in_seconds": 446.19244721345603, "samples_per_second": 134.2447645048206, "latency_in_seconds": 0.007449080071678258}