{"accuracy": 0.5537154209586137, "f1": 0.5323978141091988, "precision": 0.5383648910453501, "recall": 0.5313923300004201, "total_time_in_seconds": 2714.8640339672565, "samples_per_second": 22.06335170033139, "latency_in_seconds": 0.04532402934885819}