{"accuracy": 0.5455349838895474, "f1": 0.5207573738490113, "precision": 0.5281731303780924, "recall": 0.5237696620795775, "total_time_in_seconds": 903.2593491710722, "samples_per_second": 66.31428731401425, "latency_in_seconds": 0.015079706659060622}