{"accuracy": 0.5132639943905575, "f1": 0.39594097693998603, "precision": 0.6158233436159782, "recall": 0.42284142800918395, "total_time_in_seconds": 827.9157806190196, "samples_per_second": 72.3491463772009, "latency_in_seconds": 0.013821863146613794}