{"accuracy": 0.5240321207365732, "f1": 0.5263181488061185, "precision": 0.5430634035730346, "recall": 0.5792763223795349, "total_time_in_seconds": 462.6532129328698, "samples_per_second": 129.46846217772023, "latency_in_seconds": 0.0077238887616299075}