{"accuracy": 0.44797075076378573, "f1": 0.40441984166049094, "precision": 0.4484443128815319, "recall": 0.4263776391622905, "total_time_in_seconds": 903.4490157756954, "samples_per_second": 66.30036554810026, "latency_in_seconds": 0.015082873099312099}