{"accuracy": 0.4856007612814905, "f1": 0.419065920911845, "precision": 0.5348452428980793, "recall": 0.5862466752085681, "total_time_in_seconds": 1328.016820738092, "samples_per_second": 45.10409737634876, "latency_in_seconds": 0.022170934752468188}