{"accuracy": 0.35354513430942086, "f1": 0.22811216972341652, "precision": 0.336198817980993, "recall": 0.3358643363580289, "total_time_in_seconds": 558.2664850521833, "samples_per_second": 107.29463724551012, "latency_in_seconds": 0.009320130303547359}