{"accuracy": 0.3977361892519074, "f1": 0.32824000297357014, "precision": 0.35916199540464105, "recall": 0.3468934201447098, "total_time_in_seconds": 454.03624286316335, "samples_per_second": 131.92559171548834, "latency_in_seconds": 0.007580030432280395}