{"accuracy": 0.4583882869496987, "f1": 0.22037612416080243, "precision": 0.4465755099695261, "recall": 0.33568558823757794, "total_time_in_seconds": 446.8304321244359, "samples_per_second": 134.05308970387895, "latency_in_seconds": 0.00745973108272986}