{"accuracy": 0.4685053172840949, "f1": 0.31028833379790505, "precision": 0.4452185277815595, "recall": 0.36883892437270566, "total_time_in_seconds": 452.85921941138804, "samples_per_second": 132.2684786628719, "latency_in_seconds": 0.0075603802970231225}