{"accuracy": 0.45626805121955294, "f1": 0.21299056313316803, "precision": 0.4275664621816868, "recall": 0.33202959425508277, "total_time_in_seconds": 295.26413385011256, "samples_per_second": 202.86581786600277, "latency_in_seconds": 0.004929366664720823}