{"accuracy": 0.6532162473497053, "f1": 0.6274412939853818, "precision": 0.6629569042848452, "recall": 0.6135730208732716, "total_time_in_seconds": 504.2669081054628, "samples_per_second": 118.78431647446648, "latency_in_seconds": 0.0084186198117742}