{"accuracy": 0.60952603549308, "f1": 0.6042772255541841, "precision": 0.6095542132386651, "recall": 0.6211870771396045, "total_time_in_seconds": 519.9175933804363, "samples_per_second": 115.20864222067294, "latency_in_seconds": 0.008679904395406205}