{"accuracy": 0.5201255446668559, "f1": 0.4086550209393392, "precision": 0.6074624451346442, "recall": 0.4285398185871971, "total_time_in_seconds": 451.8734099827707, "samples_per_second": 132.55703627766871, "latency_in_seconds": 0.00754392243581313}