{"accuracy": 0.35683400390657605, "f1": 0.27427098486901974, "precision": 0.2763592308632319, "recall": 0.28585801699776514, "total_time_in_seconds": 886.7427897620946, "samples_per_second": 67.54946382599894, "latency_in_seconds": 0.014803966506320551}