{"accuracy": 0.5051670311691348, "f1": 0.4970812885059417, "precision": 0.5023997196689234, "recall": 0.5185232427434604, "total_time_in_seconds": 497.99604547582567, "samples_per_second": 120.28007158725056, "latency_in_seconds": 0.00831392920542623}