{"accuracy": 0.6549525033806908, "f1": 0.6085751112501692, "precision": 0.6724165031599257, "recall": 0.5971675880109132, "total_time_in_seconds": 254.61270373128355, "samples_per_second": 235.25534712995696, "latency_in_seconds": 0.004250700407874649}