{"accuracy": 0.7138683450474966, "f1": 0.7084410119856077, "precision": 0.7230800693798582, "recall": 0.7062285790230239, "total_time_in_seconds": 459.98404569365084, "samples_per_second": 130.21973383810078, "latency_in_seconds": 0.0076793276297375725}