{"accuracy": 0.7764737307801466, "f1": 0.7643447162215634, "precision": 0.786900826984727, "recall": 0.7518311284041491, "total_time_in_seconds": 915.2293432205915, "samples_per_second": 65.44698380104597, "latency_in_seconds": 0.015279542950977337}