{"accuracy": 0.5457019315848345, "f1": 0.5093841669778766, "precision": 0.5739368732557802, "recall": 0.5185306920486297, "total_time_in_seconds": 159.500302816974, "samples_per_second": 375.5416067688215, "latency_in_seconds": 0.002662820795288302}