{"accuracy": 0.4866358369922703, "f1": 0.33221867935538835, "precision": 0.5081873154092663, "recall": 0.38129167195068797, "total_time_in_seconds": 433.82355034002103, "samples_per_second": 138.07226452564072, "latency_in_seconds": 0.0072425841890519215}