{"accuracy": 0.32279336883754317, "f1": 0.3159614726650506, "precision": 0.4263840135409338, "recall": 0.42503442825391824, "total_time_in_seconds": 462.6583296339959, "samples_per_second": 129.46703034047925, "latency_in_seconds": 0.007723974183775954}