{"accuracy": 0.49049232875340154, "f1": 0.32565968076286883, "precision": 0.6420490287995753, "recall": 0.39038009459605544, "total_time_in_seconds": 441.75171986594796, "samples_per_second": 135.59426552584037, "latency_in_seconds": 0.007374943152071787}