{"accuracy": 0.4470024541311207, "f1": 0.39373724205966965, "precision": 0.40788488506150467, "recall": 0.3910472244095284, "total_time_in_seconds": 447.2531391121447, "samples_per_second": 133.9263937172297, "latency_in_seconds": 0.007466788078467833}