{"accuracy": 0.7818327517988615, "f1": 0.774745063239763, "precision": 0.7723286261799588, "recall": 0.7773789603698337, "total_time_in_seconds": 753.5156263243407, "samples_per_second": 79.49271110963966, "latency_in_seconds": 0.012579769717763914}