{"accuracy": 0.4700078465416785, "f1": 0.25387085866876863, "precision": 0.5252606891772892, "recall": 0.34993065164417403, "total_time_in_seconds": 1679.5764596629888, "samples_per_second": 35.663157610591234, "latency_in_seconds": 0.028040141899914668}