{"accuracy": 0.4559341558289788, "f1": 0.215274718279287, "precision": 0.37082390745769644, "recall": 0.33236510860609964, "total_time_in_seconds": 890.8367602825165, "samples_per_second": 67.23903039318209, "latency_in_seconds": 0.014872314400616314}