{"accuracy": 0.6443346299604334, "f1": 0.6320015464184608, "precision": 0.6451577617905102, "recall": 0.6352008675295501, "total_time_in_seconds": 514.7821302451193, "samples_per_second": 116.35796287543705, "latency_in_seconds": 0.00859416902193892}