{"accuracy": 0.5278552229586471, "f1": 0.5150868261076528, "precision": 0.5585553281382529, "recall": 0.5888728668435038, "total_time_in_seconds": 509.2948158439249, "samples_per_second": 117.61164287671888, "latency_in_seconds": 0.008502559572679425}