{"accuracy": 0.44932302709561095, "f1": 0.4033073765422793, "precision": 0.510400968612494, "recall": 0.5115068327716695, "total_time_in_seconds": 503.7007682528347, "samples_per_second": 118.91782537431718, "latency_in_seconds": 0.008409168237413557}