{"accuracy": 0.5250338069082956, "f1": 0.49820910922862444, "precision": 0.5397994468797904, "recall": 0.485375587013312, "total_time_in_seconds": 1035.7920089941472, "samples_per_second": 57.829177556764165, "latency_in_seconds": 0.01729230886983334}