{"accuracy": 0.48974106412460977, "f1": 0.34282401833880605, "precision": 0.5865847394301283, "recall": 0.39346467469711605, "total_time_in_seconds": 1782.5628165695816, "samples_per_second": 33.60274288413099, "latency_in_seconds": 0.02975947539307136}