{"accuracy": 0.31561461794019935, "f1": 0.22151583131634153, "precision": 0.20218512654683232, "recall": 0.24519104631458455, "total_time_in_seconds": 450.25808411836624, "samples_per_second": 133.03259200173167, "latency_in_seconds": 0.00751695494279314}