{"accuracy": 0.4658007646204444, "f1": 0.4010885791055392, "precision": 0.5074317422870271, "recall": 0.5451439979568559, "total_time_in_seconds": 520.2453472595662, "samples_per_second": 115.13606092879591, "latency_in_seconds": 0.008685376170880419}