{"accuracy": 0.6524969046636401, "f1": 0.5292338352529579, "precision": 0.6656517335682515, "recall": 0.5083555728258907, "total_time_in_seconds": 230.86477580480278, "samples_per_second": 20.990642609322588, "latency_in_seconds": 0.04764027565101172}