{"accuracy": 0.3582335947172926, "f1": 0.36221052438360957, "precision": 0.40857022151416383, "recall": 0.5298681860244217, "total_time_in_seconds": 25.567822439596057, "samples_per_second": 189.53510849227257, "latency_in_seconds": 0.005276067362690065}