{"accuracy": 0.2837391663227404, "f1": 0.2767932971957086, "precision": 0.35140784018828647, "recall": 0.42721426225734777, "total_time_in_seconds": 66.47060750052333, "samples_per_second": 72.90440364881346, "latency_in_seconds": 0.013716592550665152}