{"accuracy": 0.6619892695006191, "f1": 0.4322659709993874, "precision": 0.6178077142391659, "recall": 0.44016931491614764, "total_time_in_seconds": 114.29741081036627, "samples_per_second": 42.39816077758858, "latency_in_seconds": 0.02358592876813171}