{"accuracy": 0.6031778786628147, "f1": 0.2778221462775532, "precision": 0.7587680068894072, "recall": 0.347246103650743, "total_time_in_seconds": 115.55848116800189, "samples_per_second": 41.935476747524575, "latency_in_seconds": 0.023846157896822512}