{"accuracy": 0.5571605447791993, "f1": 0.34494434404467783, "precision": 0.4273259448726165, "recall": 0.359638939342067, "total_time_in_seconds": 66.16945261880755, "samples_per_second": 73.23621109452257, "latency_in_seconds": 0.013654447506976385}