{"accuracy": 0.7581510524143623, "f1": 0.6775771963238885, "precision": 0.7408465105135741, "recall": 0.6464133518675325, "total_time_in_seconds": 23.948755329474807, "samples_per_second": 202.34872056318562, "latency_in_seconds": 0.004941963543019977}