{"accuracy": 0.45604622368964093, "f1": 0.4114657337719973, "precision": 0.41201180008057325, "recall": 0.437732067796828, "total_time_in_seconds": 116.11662092246115, "samples_per_second": 41.733904771789724, "latency_in_seconds": 0.023961333248547493}