{"accuracy": 0.4255055716054478, "f1": 0.37836889061461637, "precision": 0.41325132657983604, "recall": 0.47008103784449745, "total_time_in_seconds": 112.99118377640843, "samples_per_second": 42.88830188370681, "latency_in_seconds": 0.02331638129930013}