{"accuracy": 0.5943045810978126, "f1": 0.24897831491440017, "precision": 0.5314069487444101, "recall": 0.3335778919051113, "total_time_in_seconds": 111.07430558465421, "samples_per_second": 43.62845191327051, "latency_in_seconds": 0.022920822448339703}