{"accuracy": 0.5947172926124639, "f1": 0.3795232291348442, "precision": 0.5050520573863334, "recall": 0.40062553079754865, "total_time_in_seconds": 118.12947043031454, "samples_per_second": 41.02278612057854, "latency_in_seconds": 0.0243766963331231}