{"accuracy": 0.6696244325216674, "f1": 0.570823003617346, "precision": 0.7063559243804257, "recall": 0.5321403377263367, "total_time_in_seconds": 42.01120198145509, "samples_per_second": 115.35018688918159, "latency_in_seconds": 0.008669253401043147}