{"accuracy": 0.555096987205943, "f1": 0.3573076336706407, "precision": 0.4276453888049823, "recall": 0.36586549981969835, "total_time_in_seconds": 117.44114626385272, "samples_per_second": 41.263221231786915, "latency_in_seconds": 0.024234656678467338}