{"accuracy": 0.623607098638052, "f1": 0.6150633499300034, "precision": 0.592179822738496, "recall": 0.6834337751981283, "total_time_in_seconds": 42.444764567539096, "samples_per_second": 114.17191376545233, "latency_in_seconds": 0.00875872153684257}