{"accuracy": 0.5470491126702435, "f1": 0.5436661672708654, "precision": 0.6207696534647585, "recall": 0.5972901398214153, "total_time_in_seconds": 116.29545069672167, "samples_per_second": 41.66972973549521, "latency_in_seconds": 0.023998235802047393}