{"accuracy": 0.6828312009905076, "f1": 0.6540872541811994, "precision": 0.6637620126556123, "recall": 0.6482110470070801, "total_time_in_seconds": 42.56578949093819, "samples_per_second": 113.8472951625075, "latency_in_seconds": 0.008783695726565866}