{"accuracy": 0.6830375567478333, "f1": 0.6308185311827911, "precision": 0.6496836313731428, "recall": 0.6177678698184562, "total_time_in_seconds": 115.91314578801394, "samples_per_second": 41.80716489967873, "latency_in_seconds": 0.023919344983081705}