{"accuracy": 0.6900536524969046, "f1": 0.6125338718465613, "precision": 0.6512723363717955, "recall": 0.6026248227039801, "total_time_in_seconds": 116.37783411890268, "samples_per_second": 41.64023189372011, "latency_in_seconds": 0.024015236095522634}