{"accuracy": 0.594098225340487, "f1": 0.4577451832178239, "precision": 0.6403144804091171, "recall": 0.48688636250277884, "total_time_in_seconds": 116.24671484343708, "samples_per_second": 41.68719956109444, "latency_in_seconds": 0.02398817887813394}