{"accuracy": 0.6933553446141147, "f1": 0.5974077279172327, "precision": 0.730168124904044, "recall": 0.5578763035852582, "total_time_in_seconds": 118.08014102838933, "samples_per_second": 41.03992388385532, "latency_in_seconds": 0.0243665169270304}