{"accuracy": 0.4362360709863805, "f1": 0.3434674038574801, "precision": 0.5977329603996003, "recall": 0.42945761780047925, "total_time_in_seconds": 114.58508819527924, "samples_per_second": 42.291715932018185, "latency_in_seconds": 0.023645292652760885}