{"accuracy": 0.572430870821296, "f1": 0.5085098767541318, "precision": 0.52340463419247, "recall": 0.4982384945268447, "total_time_in_seconds": 42.01048376969993, "samples_per_second": 115.35215891741714, "latency_in_seconds": 0.00866910519391249}