{"accuracy": 0.5910028889806026, "f1": 0.26360223054822524, "precision": 0.43918215859760745, "recall": 0.3378599854778577, "total_time_in_seconds": 116.21975847147405, "samples_per_second": 41.69686861971446, "latency_in_seconds": 0.02398261627558276}