{"accuracy": 0.5932728023111845, "f1": 0.2627909589813631, "precision": 0.3259901468637294, "recall": 0.3369910937017801, "total_time_in_seconds": 212.50138757564127, "samples_per_second": 22.80455697389286, "latency_in_seconds": 0.043850884765918544}