{"accuracy": 0.6040033016921172, "f1": 0.34341158460670523, "precision": 0.5713138503506775, "recall": 0.3785607108594445, "total_time_in_seconds": 113.91888488270342, "samples_per_second": 42.53903999314674, "latency_in_seconds": 0.023507817763661457}