{"accuracy": 0.5047461824184895, "f1": 0.33405379077303504, "precision": 0.3542369203448001, "recall": 0.3411181733887539, "total_time_in_seconds": 41.77193124033511, "samples_per_second": 116.01091584965282, "latency_in_seconds": 0.00861987850605347}