{"accuracy": 0.6128765992571192, "f1": 0.423543322848045, "precision": 0.6064443057367587, "recall": 0.4309583790365627, "total_time_in_seconds": 231.15054363943636, "samples_per_second": 20.964692203186445, "latency_in_seconds": 0.047699245488946836}