{"accuracy": 0.28126289723483283, "f1": 0.14651785191524144, "precision": 0.2603908615469309, "recall": 0.33320455570401225, "total_time_in_seconds": 118.96033522859216, "samples_per_second": 40.73626718256979, "latency_in_seconds": 0.024548150067806886}