{"accuracy": 0.2816756087494841, "f1": 0.14685665866642075, "precision": 0.4271263418662263, "recall": 0.33356489521824706, "total_time_in_seconds": 115.51682443358004, "samples_per_second": 41.95059917688749, "latency_in_seconds": 0.023837561789843177}