{"accuracy": 0.2816756087494841, "f1": 0.14762300388816155, "precision": 0.28455886709723294, "recall": 0.33330733995960493, "total_time_in_seconds": 114.33099007233977, "samples_per_second": 42.38570834498877, "latency_in_seconds": 0.023592858042166688}