{"accuracy": 0.28188196450680975, "f1": 0.14903304362242917, "precision": 0.3273203696041925, "recall": 0.3345528670351721, "total_time_in_seconds": 114.02682065963745, "samples_per_second": 42.49877328830373, "latency_in_seconds": 0.023530090932653208}