{"accuracy": 0.9492364836978952, "f1": 0.9338356630730485, "precision": 0.9572394537695903, "recall": 0.9142286631933891, "total_time_in_seconds": 66.0616204701364, "samples_per_second": 73.3557543020106, "latency_in_seconds": 0.0136321957222733}