{"accuracy": 0.8047874535699546, "f1": 0.7126845617532823, "precision": 0.8646291439259962, "recall": 0.6593184415671712, "total_time_in_seconds": 79.00828685238957, "samples_per_second": 61.33533826715843, "latency_in_seconds": 0.016303814868425418}