{"accuracy": 0.27858027238959965, "f1": 0.2438430329836169, "precision": 0.4917020093286708, "recall": 0.42826374500290876, "total_time_in_seconds": 113.59620224684477, "samples_per_second": 42.659876863397535, "latency_in_seconds": 0.023441230343963015}