{"accuracy": 0.8070573669005365, "f1": 0.8067286984517593, "precision": 0.7963596026844247, "recall": 0.8350322344133635, "total_time_in_seconds": 66.95229794830084, "samples_per_second": 72.37989058630937, "latency_in_seconds": 0.013815992147812801}