{"accuracy": 0.5916219562525794, "f1": 0.2614954810230497, "precision": 0.3377396675804052, "recall": 0.33593606853280406, "total_time_in_seconds": 24.157630341127515, "samples_per_second": 200.59914534538828, "latency_in_seconds": 0.00498506610423597}