{"accuracy": 0.5823359471729261, "f1": 0.2599445275005347, "precision": 0.33204072921633493, "recall": 0.3322040101002512, "total_time_in_seconds": 65.82408539392054, "samples_per_second": 73.62046841971879, "latency_in_seconds": 0.013583178991729374}