{"accuracy": 0.5594304581097813, "f1": 0.33634499287748604, "precision": 0.4140071191572235, "recall": 0.36590021967292324, "total_time_in_seconds": 66.55078456923366, "samples_per_second": 72.81657205646678, "latency_in_seconds": 0.013733137550399021}