{"accuracy": 0.5231118448204705, "f1": 0.35530417743491644, "precision": 0.4075925890514754, "recall": 0.39452349293083094, "total_time_in_seconds": 66.28666722029448, "samples_per_second": 73.10670762636167, "latency_in_seconds": 0.013678635414835839}