{"accuracy": 0.5823359471729261, "f1": 0.4761609163148561, "precision": 0.49292621461826275, "recall": 0.5113158422230477, "total_time_in_seconds": 66.17173255980015, "samples_per_second": 73.23368774756827, "latency_in_seconds": 0.013654917985926567}