{"accuracy": 0.31262897234832854, "f1": 0.19772559615218974, "precision": 0.5298774958853983, "recall": 0.3550851982497473, "total_time_in_seconds": 115.84759429469705, "samples_per_second": 41.830821170723496, "latency_in_seconds": 0.023905818055034472}