{"accuracy": 0.592447379281882, "f1": 0.2498998468245552, "precision": 0.27633293947108767, "recall": 0.3329221963109626, "total_time_in_seconds": 42.48048361390829, "samples_per_second": 114.0759141078469, "latency_in_seconds": 0.008766092367707035}