{"accuracy": 0.2831200990507635, "f1": 0.15002778106507328, "precision": 0.37183752685936095, "recall": 0.3336026960395188, "total_time_in_seconds": 23.89297356083989, "samples_per_second": 202.82113432471618, "latency_in_seconds": 0.0049304526539083555}