{"accuracy": 0.9529508873297565, "f1": 0.9475424745977638, "precision": 0.9434649878607786, "recall": 0.9517827132274698, "total_time_in_seconds": 65.8156127166003, "samples_per_second": 73.62994584380311, "latency_in_seconds": 0.01358143060598438}