{"accuracy": 0.48204704911267027, "f1": 0.4341086479532796, "precision": 0.4289981153921317, "recall": 0.5362067930699014, "total_time_in_seconds": 115.12875569239259, "samples_per_second": 42.09200360809781, "latency_in_seconds": 0.023757481570861036}