{"accuracy": 0.5943045810978126, "f1": 0.2494436676964739, "precision": 0.4203088076720123, "recall": 0.33370666953443234, "total_time_in_seconds": 113.32376086339355, "samples_per_second": 42.762435371710126, "latency_in_seconds": 0.023385010495954095}