{"accuracy": 0.6060668592653735, "f1": 0.3018058088173569, "precision": 0.6696352487783507, "recall": 0.3600182355223455, "total_time_in_seconds": 114.5126792807132, "samples_per_second": 42.31845792482639, "latency_in_seconds": 0.02363035065635848}