{"accuracy": 0.5660338423442014, "f1": 0.4118685216251717, "precision": 0.45868444536327524, "recall": 0.41120071657170865, "total_time_in_seconds": 42.60595493577421, "samples_per_second": 113.73996914997069, "latency_in_seconds": 0.008791984097353324}