{"accuracy": 0.6242261659100289, "f1": 0.5018775751348297, "precision": 0.5637563424961392, "recall": 0.5219648131526332, "total_time_in_seconds": 113.94775321148336, "samples_per_second": 42.52826285223878, "latency_in_seconds": 0.023513774909509566}