{"accuracy": 0.3155179529508873, "f1": 0.28286007311109157, "precision": 0.34135559347368155, "recall": 0.31899848600439795, "total_time_in_seconds": 117.57266552187502, "samples_per_second": 41.21706332411402, "latency_in_seconds": 0.024261796434559436}