{"accuracy": 0.34523318200577796, "f1": 0.3109201069687124, "precision": 0.3366845580469599, "recall": 0.340661324206474, "total_time_in_seconds": 41.089723981916904, "samples_per_second": 117.93702975791871, "latency_in_seconds": 0.008479101110589539}