{"accuracy": 0.2787866281469253, "f1": 0.18410086037370363, "precision": 0.31893791074921557, "recall": 0.33273444529381296, "total_time_in_seconds": 46.1832834277302, "samples_per_second": 104.92974167987106, "latency_in_seconds": 0.009530186427513455}