{"accuracy": 0.49607924061081304, "f1": 0.3439865408308551, "precision": 0.30768939942837714, "recall": 0.4793773822312291, "total_time_in_seconds": 113.76241984404624, "samples_per_second": 42.597546770218564, "latency_in_seconds": 0.02347553030211437}