{"accuracy": 0.8937267849773008, "f1": 0.88379922682949, "precision": 0.9153653132696816, "recall": 0.8638637778484162, "total_time_in_seconds": 114.9985077418387, "samples_per_second": 42.13967724588944, "latency_in_seconds": 0.023730604156384377}