{"accuracy": 0.9824597606273215, "f1": 0.978512834165425, "precision": 0.9778508609395867, "recall": 0.9791889863864675, "total_time_in_seconds": 115.54736878536642, "samples_per_second": 41.93950975207083, "latency_in_seconds": 0.023843864792688078}