{"accuracy": 0.594098225340487, "f1": 0.2484573894282632, "precision": 0.1980327417801623, "recall": 0.3333333333333333, "total_time_in_seconds": 116.36119699291885, "samples_per_second": 41.64618554323486, "latency_in_seconds": 0.024011802928790515}