{"accuracy": 0.7926124638877424, "f1": 0.7514663156186394, "precision": 0.7963304993420136, "recall": 0.7256548993129149, "total_time_in_seconds": 114.46122335270047, "samples_per_second": 42.337482145089, "latency_in_seconds": 0.02361973242936452}