{"accuracy": 0.5356995460173339, "f1": 0.31497739413791603, "precision": 0.4049368248614082, "recall": 0.35984402855717795, "total_time_in_seconds": 42.14886276051402, "samples_per_second": 114.97344608167789, "latency_in_seconds": 0.008697660495359888}