{"accuracy": 0.5953363598844408, "f1": 0.27338178643313205, "precision": 0.3749266999741984, "recall": 0.34136834385937553, "total_time_in_seconds": 217.17461282014847, "samples_per_second": 22.31384201436647, "latency_in_seconds": 0.044815231700402074}