{"accuracy": 0.15724308708212958, "f1": 0.15324575471687107, "precision": 0.34713865536007654, "recall": 0.31278464332744665, "total_time_in_seconds": 116.80626915954053, "samples_per_second": 41.48749921445622, "latency_in_seconds": 0.024103646132798296}