{"accuracy": 0.5445728435823359, "f1": 0.3305805278942738, "precision": 0.3838785098757848, "recall": 0.3511775654237019, "total_time_in_seconds": 42.08048406243324, "samples_per_second": 115.16027222524748, "latency_in_seconds": 0.008683550157332489}