{"accuracy": 0.6000825423029302, "f1": 0.33947373152980637, "precision": 0.6277735218191031, "recall": 0.37023469434353523, "total_time_in_seconds": 66.523861059919, "samples_per_second": 72.84604234915255, "latency_in_seconds": 0.013727581729244532}