{"accuracy": 0.6320676846884028, "f1": 0.45047573919313794, "precision": 0.6843031138053489, "recall": 0.43909228150653185, "total_time_in_seconds": 115.93900880776346, "samples_per_second": 41.79783879328374, "latency_in_seconds": 0.023924681966108842}