{"accuracy": 0.6520841931489889, "f1": 0.44306845059925903, "precision": 0.71152844251404, "recall": 0.4428946179917493, "total_time_in_seconds": 115.36218024417758, "samples_per_second": 42.00683438664971, "latency_in_seconds": 0.023805650071023025}