{"accuracy": 0.31159719356170035, "f1": 0.280585130981944, "precision": 0.4841174235334819, "recall": 0.43642801315753904, "total_time_in_seconds": 114.45612293109298, "samples_per_second": 42.33936879827285, "latency_in_seconds": 0.023618679928001027}