{"accuracy": 0.6054477919933966, "f1": 0.32417519705264003, "precision": 0.5325750946140996, "recall": 0.3698180978744759, "total_time_in_seconds": 115.05480142682791, "samples_per_second": 42.119059264831634, "latency_in_seconds": 0.023742220682382978}