{"accuracy": 0.5340486999587288, "f1": 0.3642249089570055, "precision": 0.38400660039718243, "recall": 0.3767886189623722, "total_time_in_seconds": 82.67437592707574, "samples_per_second": 58.61550142542947, "latency_in_seconds": 0.017060333455855496}