{"accuracy": 0.3627734213784565, "f1": 0.32322936224061394, "precision": 0.3476916312376533, "recall": 0.3611687099449296, "total_time_in_seconds": 113.68203046917915, "samples_per_second": 42.62766929830499, "latency_in_seconds": 0.023458941491782737}