{"accuracy": 0.3371853074700784, "f1": 0.2942008275983425, "precision": 0.3309116870031319, "recall": 0.3395243357521634, "total_time_in_seconds": 44.19964403100312, "samples_per_second": 109.63889203724928, "latency_in_seconds": 0.009120851017540883}