{"accuracy": 0.662608336772596, "f1": 0.5500971006783527, "precision": 0.6661064424978985, "recall": 0.5325536374878603, "total_time_in_seconds": 24.888121100142598, "samples_per_second": 194.7113637265384, "latency_in_seconds": 0.005135807078031902}