{"accuracy": 0.743912505158894, "f1": 0.7144604367197577, "precision": 0.7506011312462926, "recall": 0.6904835715473358, "total_time_in_seconds": 44.683742029592395, "samples_per_second": 108.45107817493604, "latency_in_seconds": 0.009220747426659594}