{"accuracy": 0.5897647544366488, "f1": 0.581770455866677, "precision": 0.558605315147023, "recall": 0.6302550738157274, "total_time_in_seconds": 66.76395688392222, "samples_per_second": 72.58407419478445, "latency_in_seconds": 0.013777126884837437}