{"accuracy": 0.9519191085431283, "f1": 0.9465966527324102, "precision": 0.9504118151593932, "recall": 0.9429092526954501, "total_time_in_seconds": 231.7444245032966, "samples_per_second": 20.910966942943926, "latency_in_seconds": 0.04782179622436992}