{"accuracy": 0.49009492364836976, "f1": 0.27072842047701917, "precision": 0.25089820380012096, "recall": 0.2944251603625515, "total_time_in_seconds": 116.29097437486053, "samples_per_second": 41.67133370453207, "latency_in_seconds": 0.023997312087259703}