{"accuracy": 0.47585637639290135, "f1": 0.2796934564426808, "precision": 0.2638266532343245, "recall": 0.2977687067132815, "total_time_in_seconds": 115.73410821892321, "samples_per_second": 41.87183946527917, "latency_in_seconds": 0.02388239954992225}