{"accuracy": 0.487205943045811, "f1": 0.27162088789088396, "precision": 0.25245024923177645, "recall": 0.29422078109068706, "total_time_in_seconds": 114.13041524030268, "samples_per_second": 42.460197746557746, "latency_in_seconds": 0.023551468270801214}