{"accuracy": 0.45542715641766407, "f1": 0.2658963723876317, "precision": 0.25160004786806867, "recall": 0.28218550927177694, "total_time_in_seconds": 113.68562888167799, "samples_per_second": 42.62632003420267, "latency_in_seconds": 0.023459684044919105}