{"accuracy": 0.8375317460317461, "f1": 0.8364369821419504, "precision": 0.836477092558806, "recall": 0.837531746031746, "total_time_in_seconds": 1133.8905102573335, "samples_per_second": 111.12184012493819, "latency_in_seconds": 0.008999131033788361}