{"accuracy": 0.822515873015873, "f1": 0.807795084767109, "precision": 0.8465885441178247, "recall": 0.822515873015873, "total_time_in_seconds": 542.8879059087485, "samples_per_second": 232.09211078129775, "latency_in_seconds": 0.004308634173878956}