{"accuracy": 0.6857857142857143, "f1": 0.6556304637713944, "precision": 0.6716678821571502, "recall": 0.6857857142857142, "total_time_in_seconds": 533.2771099172533, "samples_per_second": 236.27490784209917, "latency_in_seconds": 0.0042323580152162955}