{"accuracy": 0.37262698412698414, "f1": 0.321639915996527, "precision": 0.42786166031643164, "recall": 0.3726269841269841, "total_time_in_seconds": 1071.6221231725067, "samples_per_second": 117.57875959762812, "latency_in_seconds": 0.008504937485496085}