{"accuracy": 0.3347857142857143, "f1": 0.17058048876178, "precision": 0.35894750005420356, "recall": 0.3347857142857143, "total_time_in_seconds": 942.3423182237893, "samples_per_second": 133.70937244704876, "latency_in_seconds": 0.007478907287490392}