{"accuracy": 0.3991031746031746, "f1": 0.3012616076250132, "precision": 0.575236178231661, "recall": 0.3991031746031746, "total_time_in_seconds": 951.0664640627801, "samples_per_second": 132.48285452285984, "latency_in_seconds": 0.0075481465401807946}