{"accuracy": 0.7207460317460318, "f1": 0.706784265073518, "precision": 0.7302831071302663, "recall": 0.7207460317460317, "total_time_in_seconds": 948.4892300907522, "samples_per_second": 132.84283680052351, "latency_in_seconds": 0.007527692302307557}