{"accuracy": 0.5901746031746031, "f1": 0.4723207949555814, "precision": 0.39904503420447845, "recall": 0.5901746031746032, "total_time_in_seconds": 1932.4925197139382, "samples_per_second": 65.20076984238544, "latency_in_seconds": 0.015337242219951891}