{"accuracy": 0.5726031746031746, "f1": 0.511727658044516, "precision": 0.5278507338296768, "recall": 0.5726031746031746, "total_time_in_seconds": 956.301137747243, "samples_per_second": 131.7576598275497, "latency_in_seconds": 0.007589691569422564}