{"accuracy": 0.7000793650793651, "f1": 0.6596175589912426, "precision": 0.6949618094021845, "recall": 0.7000793650793651, "total_time_in_seconds": 1958.6579500511289, "samples_per_second": 64.32976211936898, "latency_in_seconds": 0.015544904365485149}