{"accuracy": 0.47894444444444445, "f1": 0.46734540556783494, "precision": 0.5733719101813773, "recall": 0.47894444444444445, "total_time_in_seconds": 963.2823828477412, "samples_per_second": 130.80276588003983, "latency_in_seconds": 0.007645098276569375}