{"accuracy": 0.6354444444444445, "f1": 0.5407919773954287, "precision": 0.6022957566601652, "recall": 0.6354444444444445, "total_time_in_seconds": 977.7255976106972, "samples_per_second": 128.8705136777749, "latency_in_seconds": 0.007759726965164263}