{"accuracy": 0.6199444444444444, "f1": 0.5559213941741931, "precision": 0.5694639661134184, "recall": 0.6199444444444445, "total_time_in_seconds": 965.3496297597885, "samples_per_second": 130.52265843967126, "latency_in_seconds": 0.0076615049980935605}