{"accuracy": 0.607531746031746, "f1": 0.48996062029632115, "precision": 0.4148023389284923, "recall": 0.6075317460317461, "total_time_in_seconds": 952.4229009393603, "samples_per_second": 132.29417297266593, "latency_in_seconds": 0.007558911912217145}