{"accuracy": 0.6637777777777778, "f1": 0.5914893332928736, "precision": 0.6646567485315021, "recall": 0.6637777777777778, "total_time_in_seconds": 1942.4828172400594, "samples_per_second": 64.86543864466444, "latency_in_seconds": 0.015416530295556027}