{"accuracy": 0.6369285714285714, "f1": 0.5521336311023407, "precision": 0.6276454205159222, "recall": 0.6369285714285714, "total_time_in_seconds": 952.5006575584412, "samples_per_second": 132.28337324509323, "latency_in_seconds": 0.007559529028241596}