{"accuracy": 0.5049365079365079, "f1": 0.4828416852611877, "precision": 0.4808648590052782, "recall": 0.5049365079365079, "total_time_in_seconds": 935.6108823791146, "samples_per_second": 134.6713707301067, "latency_in_seconds": 0.007425483193485036}