{"accuracy": 0.6097777777777778, "f1": 0.5253529826875969, "precision": 0.5525993244787736, "recall": 0.6097777777777779, "total_time_in_seconds": 949.5866051632911, "samples_per_second": 132.6893190309198, "latency_in_seconds": 0.007536401628280088}