{"accuracy": 0.6273174603174603, "f1": 0.5386281266129683, "precision": 0.5674875987082055, "recall": 0.6273174603174604, "total_time_in_seconds": 953.1983004659414, "samples_per_second": 132.18655545064317, "latency_in_seconds": 0.0075650658767138215}