{"accuracy": 0.40053968253968253, "f1": 0.3116765669238308, "precision": 0.47125932737127346, "recall": 0.40053968253968253, "total_time_in_seconds": 941.2561664041132, "samples_per_second": 133.86366485263898, "latency_in_seconds": 0.00747028703495328}