{"accuracy": 0.6128015873015873, "f1": 0.5785831187488059, "precision": 0.5845748339602527, "recall": 0.6128015873015873, "total_time_in_seconds": 1900.5436263326555, "samples_per_second": 66.29682068552842, "latency_in_seconds": 0.015083679574068696}