{"accuracy": 0.6659444444444444, "f1": 0.6165118873762636, "precision": 0.6501053874986159, "recall": 0.6659444444444444, "total_time_in_seconds": 973.822337327525, "samples_per_second": 129.38705056384686, "latency_in_seconds": 0.0077287487089486104}