{"accuracy": 0.3367777777777778, "f1": 0.17531760506945482, "precision": 0.3647811074285183, "recall": 0.3367777777777778, "total_time_in_seconds": 1786.1929068285972, "samples_per_second": 70.5410930243331, "latency_in_seconds": 0.014176134181179342}