{"accuracy": 0.535079365079365, "f1": 0.527022320731509, "precision": 0.5533513255622154, "recall": 0.535079365079365, "total_time_in_seconds": 937.494859604165, "samples_per_second": 134.40073693118757, "latency_in_seconds": 0.007440435393683849}