{"accuracy": 0.42315079365079367, "f1": 0.3947382001171165, "precision": 0.44405256539766613, "recall": 0.42315079365079367, "total_time_in_seconds": 1858.193730501458, "samples_per_second": 67.80778448003764, "latency_in_seconds": 0.01474756928969411}