{"accuracy": 0.43023809523809525, "f1": 0.4082937453999014, "precision": 0.534530237335877, "recall": 0.43023809523809525, "total_time_in_seconds": 941.5638978835195, "samples_per_second": 133.81991416963547, "latency_in_seconds": 0.007472729348281902}