{"accuracy": 0.6334920634920634, "f1": 0.6207670474451397, "precision": 0.6170019417079792, "recall": 0.6334920634920636, "total_time_in_seconds": 1928.6216183453798, "samples_per_second": 65.33163312153425, "latency_in_seconds": 0.015306520780518886}