{"accuracy": 0.3340793650793651, "f1": 0.17388236289048342, "precision": 0.4713146086693536, "recall": 0.33407936507936514, "total_time_in_seconds": 943.543192140758, "samples_per_second": 133.53919677394407, "latency_in_seconds": 0.007488438032863158}