{"accuracy": 0.33416666666666667, "f1": 0.17715611748240145, "precision": 0.3516088654513734, "recall": 0.33416666666666667, "total_time_in_seconds": 955.9849881492555, "samples_per_second": 131.80123282472292, "latency_in_seconds": 0.007587182445629012}