{"accuracy": 0.6070634920634921, "f1": 0.5189434061531253, "precision": 0.6188403292240504, "recall": 0.6070634920634921, "total_time_in_seconds": 537.8359246142209, "samples_per_second": 234.2721901486542, "latency_in_seconds": 0.004268539084239849}