{"accuracy": 0.5653650793650794, "f1": 0.4756701812833027, "precision": 0.6027026297808454, "recall": 0.5653650793650793, "total_time_in_seconds": 940.9213400036097, "samples_per_second": 133.9113001725698, "latency_in_seconds": 0.007467629682568331}