{"accuracy": 0.45544444444444443, "f1": 0.408075788811483, "precision": 0.6608359256817801, "recall": 0.4554444444444445, "total_time_in_seconds": 537.4476258084178, "samples_per_second": 234.44144870948747, "latency_in_seconds": 0.004265457347685855}