{"accuracy": 0.4137777777777778, "f1": 0.3377939587279481, "precision": 0.4823184885712571, "recall": 0.4137777777777778, "total_time_in_seconds": 936.6877547875047, "samples_per_second": 134.5165444471772, "latency_in_seconds": 0.0074340297999008305}