{"accuracy": 0.42588095238095236, "f1": 0.3476890101712585, "precision": 0.5617097467647079, "recall": 0.42588095238095236, "total_time_in_seconds": 543.4868541937321, "samples_per_second": 231.83633426961575, "latency_in_seconds": 0.004313387731696287}