{"accuracy": 0.45472222222222225, "f1": 0.3618842146228092, "precision": 0.5480638099726078, "recall": 0.45472222222222225, "total_time_in_seconds": 1082.8480813875794, "samples_per_second": 116.35981276204647, "latency_in_seconds": 0.008594032391964915}