{"accuracy": 0.5306190476190477, "f1": 0.5301861200774277, "precision": 0.6161502876045623, "recall": 0.5306190476190477, "total_time_in_seconds": 538.5645415131003, "samples_per_second": 233.9552463777178, "latency_in_seconds": 0.004274321758040479}