{"accuracy": 0.5392222222222223, "f1": 0.5497088929217767, "precision": 0.5856287866881347, "recall": 0.5392222222222222, "total_time_in_seconds": 546.2026340235025, "samples_per_second": 230.6836184070441, "latency_in_seconds": 0.004334941539869067}