{"accuracy": 0.3359285714285714, "f1": 0.17462487558621972, "precision": 0.38922230032129596, "recall": 0.3359285714285714, "total_time_in_seconds": 1939.6403120234609, "samples_per_second": 64.96049768555025, "latency_in_seconds": 0.015393970730344929}