{"accuracy": 0.29623015873015873, "f1": 0.20464673807050052, "precision": 0.24663047375261096, "recall": 0.29623015873015873, "total_time_in_seconds": 1064.297033527866, "samples_per_second": 118.38800262586751, "latency_in_seconds": 0.008446801853395762}