{"accuracy": 0.4774047619047619, "f1": 0.45305713859708935, "precision": 0.6527183394634681, "recall": 0.4774047619047619, "total_time_in_seconds": 560.0366343725473, "samples_per_second": 224.9852817953019, "latency_in_seconds": 0.004444735193432915}