{"accuracy": 0.5248015873015873, "f1": 0.5132942738222264, "precision": 0.6559454247512245, "recall": 0.5248015873015873, "total_time_in_seconds": 947.486564271152, "samples_per_second": 132.9834160729495, "latency_in_seconds": 0.007519734637072634}