{"accuracy": 0.3340952380952381, "f1": 0.17186623522955277, "precision": 0.5675895491986427, "recall": 0.33409523809523806, "total_time_in_seconds": 945.9910696204752, "samples_per_second": 133.1936463740089, "latency_in_seconds": 0.007507865631908533}