{"accuracy": 0.37596825396825395, "f1": 0.2561094538506847, "precision": 0.6501207027610628, "recall": 0.375968253968254, "total_time_in_seconds": 942.4379137307405, "samples_per_second": 133.69580973373155, "latency_in_seconds": 0.007479665981990005}