{"accuracy": 0.349968253968254, "f1": 0.21616046202872177, "precision": 0.46579076720887547, "recall": 0.349968253968254, "total_time_in_seconds": 1088.5202449467033, "samples_per_second": 115.75347411767181, "latency_in_seconds": 0.008639049563069073}