{"accuracy": 0.5402301587301588, "f1": 0.4731342514228021, "precision": 0.49451318288868856, "recall": 0.5402301587301587, "total_time_in_seconds": 3892.083424255252, "samples_per_second": 32.37340680181079, "latency_in_seconds": 0.030889550986152793}