{"accuracy": 0.5544444444444444, "f1": 0.561478407789309, "precision": 0.604279213362228, "recall": 0.5544444444444444, "total_time_in_seconds": 1905.667427688837, "samples_per_second": 66.11856726375954, "latency_in_seconds": 0.015124344664197119}