{"accuracy": 0.5874761904761905, "f1": 0.565295212278195, "precision": 0.5672722405744889, "recall": 0.5874761904761905, "total_time_in_seconds": 941.1646817754954, "samples_per_second": 133.8766768875162, "latency_in_seconds": 0.007469560966472185}