{"accuracy": 0.24512698412698414, "f1": 0.2190053045325149, "precision": 0.2833219192889155, "recall": 0.2451269841269841, "total_time_in_seconds": 954.5426671672612, "samples_per_second": 132.00038545571002, "latency_in_seconds": 0.0075757354537084225}