{"accuracy": 0.48204761904761906, "f1": 0.47836766171205786, "precision": 0.47657523518036204, "recall": 0.48204761904761906, "total_time_in_seconds": 1061.675302060321, "samples_per_second": 118.68035335801858, "latency_in_seconds": 0.008425994460796197}