{"accuracy": 0.3488253968253968, "f1": 0.31051527997895273, "precision": 0.39080335776368935, "recall": 0.34882539682539687, "total_time_in_seconds": 1070.5281414259225, "samples_per_second": 117.69891432482146, "latency_in_seconds": 0.008496255090681925}