{"accuracy": 0.5263730158730159, "f1": 0.4875252359252511, "precision": 0.5809294646528984, "recall": 0.5263730158730159, "total_time_in_seconds": 946.8728328421712, "samples_per_second": 133.06961149343928, "latency_in_seconds": 0.007514863752715644}