{"accuracy": 0.3458809523809524, "f1": 0.20921396928133884, "precision": 0.5065547639788522, "recall": 0.34588095238095234, "total_time_in_seconds": 949.8688371721655, "samples_per_second": 132.64989340540106, "latency_in_seconds": 0.007538641564858456}