{"accuracy": 0.3333333333333333, "f1": 0.16666666666666666, "precision": 0.1111111111111111, "recall": 0.3333333333333333, "total_time_in_seconds": 953.4761250317097, "samples_per_second": 132.14803883611626, "latency_in_seconds": 0.007567270833584997}