{"accuracy": 0.3423095238095238, "f1": 0.1880450518417273, "precision": 0.6633141265383959, "recall": 0.3423095238095238, "total_time_in_seconds": 954.8867744710296, "samples_per_second": 131.95281720159872, "latency_in_seconds": 0.007578466464055791}