{"accuracy": 0.49826190476190474, "f1": 0.4955340104418973, "precision": 0.5496310983608702, "recall": 0.4982619047619048, "total_time_in_seconds": 947.3521266616881, "samples_per_second": 133.00228759078541, "latency_in_seconds": 0.007518667671918159}