{"accuracy": 0.808484126984127, "f1": 0.7892318095844811, "precision": 0.8425372267625858, "recall": 0.8084841269841269, "total_time_in_seconds": 609.0964629556984, "samples_per_second": 206.86378539874136, "latency_in_seconds": 0.004834098912346812}