{"accuracy": 0.266031746031746, "f1": 0.21180882210429183, "precision": 0.18765971019354263, "recall": 0.26603174603174606, "total_time_in_seconds": 944.8370363023132, "samples_per_second": 133.3563304134541, "latency_in_seconds": 0.007498706637319947}