{"accuracy": 0.48515079365079367, "f1": 0.4837779596989467, "precision": 0.4836659818963362, "recall": 0.48515079365079367, "total_time_in_seconds": 1911.2892463058233, "samples_per_second": 65.9240877557048, "latency_in_seconds": 0.01516896227226844}