{"accuracy": 0.5327857142857143, "f1": 0.43511691020007753, "precision": 0.44915282040036875, "recall": 0.5327857142857143, "total_time_in_seconds": 2829.9521485920995, "samples_per_second": 44.52372103276904, "latency_in_seconds": 0.022459937687238887}