{"accuracy": 0.6047460317460317, "f1": 0.588535440387527, "precision": 0.6209877465009187, "recall": 0.6047460317460317, "total_time_in_seconds": 538.6326645743102, "samples_per_second": 233.92565710729735, "latency_in_seconds": 0.00427486241725643}