{"accuracy": 0.7043174603174603, "f1": 0.6964724529977538, "precision": 0.6946642278212988, "recall": 0.7043174603174603, "total_time_in_seconds": 998.8273298665881, "samples_per_second": 126.14792990979696, "latency_in_seconds": 0.007927201030687206}