{"accuracy": 0.3333333333333333, "f1": 0.16666666666666666, "precision": 0.1111111111111111, "recall": 0.3333333333333333, "total_time_in_seconds": 944.1898299604654, "samples_per_second": 133.44774112349398, "latency_in_seconds": 0.007493570079051313}