{"accuracy": 0.6872539682539682, "f1": 0.669219051074219, "precision": 0.6729619640788269, "recall": 0.6872539682539682, "total_time_in_seconds": 536.77780768089, "samples_per_second": 234.7339964451473, "latency_in_seconds": 0.004260141330800714}