{"accuracy": 0.5355238095238095, "f1": 0.4292956948731073, "precision": 0.45893457542061006, "recall": 0.5355238095238096, "total_time_in_seconds": 1899.0843769516796, "samples_per_second": 66.34776291627928, "latency_in_seconds": 0.015072098229775236}