{"accuracy": 0.4801269841269841, "f1": 0.4570463602407037, "precision": 0.6255674899342781, "recall": 0.4801269841269841, "total_time_in_seconds": 927.355001963675, "samples_per_second": 135.87029749469716, "latency_in_seconds": 0.007359960333045041}