{"accuracy": 0.48974603174603176, "f1": 0.48481255502557524, "precision": 0.5246288171705006, "recall": 0.4897460317460318, "total_time_in_seconds": 3497.4244357012212, "samples_per_second": 36.026511027317575, "latency_in_seconds": 0.027757336791279535}