{"accuracy": 0.6887063492063492, "f1": 0.6851166759801691, "precision": 0.6845224020830557, "recall": 0.6887063492063491, "total_time_in_seconds": 1088.140408307314, "samples_per_second": 115.79388012618949, "latency_in_seconds": 0.008636034986565984}