{"accuracy": 0.6296111111111111, "f1": 0.5616529825145326, "precision": 0.6006471275946866, "recall": 0.6296111111111111, "total_time_in_seconds": 1083.9874999988824, "samples_per_second": 116.23750273885068, "latency_in_seconds": 0.008603075396816528}