{"accuracy": 0.3421031746031746, "f1": 0.19072817173629045, "precision": 0.5444859340265492, "recall": 0.3421031746031746, "total_time_in_seconds": 938.5731654148549, "samples_per_second": 134.24632691720657, "latency_in_seconds": 0.007448993376308372}