{"accuracy": 0.6543095238095238, "f1": 0.5422638470957456, "precision": 0.6322281194328718, "recall": 0.6543095238095238, "total_time_in_seconds": 1892.9226584732533, "samples_per_second": 66.56373383032245, "latency_in_seconds": 0.015023195702168677}