{"accuracy": 0.6319365079365079, "f1": 0.5348848023869316, "precision": 0.6300522789433407, "recall": 0.6319365079365079, "total_time_in_seconds": 533.1497167740017, "samples_per_second": 236.33136440999084, "latency_in_seconds": 0.004231346958523823}