{"accuracy": 0.4458968253968254, "f1": 0.4050939221143404, "precision": 0.6577085893163604, "recall": 0.4458968253968254, "total_time_in_seconds": 1928.1484666131437, "samples_per_second": 65.34766496551127, "latency_in_seconds": 0.015302765608040822}