{"accuracy": 0.7052539682539682, "f1": 0.6769256307590403, "precision": 0.7115404973438734, "recall": 0.7052539682539681, "total_time_in_seconds": 1924.4641320593655, "samples_per_second": 65.47277130344209, "latency_in_seconds": 0.015273524857614011}