{"accuracy": 0.11265873015873015, "f1": 0.09630688394141422, "precision": 0.08564790889080294, "recall": 0.11265873015873017, "total_time_in_seconds": 958.499765785411, "samples_per_second": 131.45543118286884, "latency_in_seconds": 0.007607140998296913}