{"accuracy": 0.12077777777777778, "f1": 0.10318213100937197, "precision": 0.09072057849420985, "recall": 0.12077777777777778, "total_time_in_seconds": 965.4754505231977, "samples_per_second": 130.50564872645882, "latency_in_seconds": 0.007662503575580934}