{"accuracy": 0.11106349206349206, "f1": 0.09425458107410177, "precision": 0.08437379285062728, "recall": 0.11106349206349207, "total_time_in_seconds": 939.3040759470314, "samples_per_second": 134.1418644148472, "latency_in_seconds": 0.007454794253547867}