{"test_loss": 0.2371155470609665, "test_accuracy": 0.906769355492501, "test_f1": 0.9033729280056395, "test_precision": 0.9054178827593918, "test_recall": 0.902604317541788, "test_runtime": 11.4369, "test_samples_per_second": 215.705, "test_steps_per_second": 13.553}