{"test_loss": 0.14092198014259338, "test_accuracy": 0.953790028374544, "test_f1": 0.9522589552988161, "test_precision": 0.9531569223511257, "test_recall": 0.9516983236950994, "test_runtime": 10.9783, "test_samples_per_second": 224.716, "test_steps_per_second": 14.119}