{"test_loss": 0.06438956409692764, "test_accuracy": 0.9854073773814349, "test_f1": 0.9848199601068787, "test_precision": 0.9849460257317805, "test_recall": 0.9847109660575152, "test_runtime": 11.1283, "test_samples_per_second": 221.687, "test_steps_per_second": 13.928}