{"test_loss": 0.09173192828893661, "test_accuracy": 0.9801378192136198, "test_f1": 0.9795958479986338, "test_precision": 0.979547307740536, "test_recall": 0.9796459951359493, "test_runtime": 11.0962, "test_samples_per_second": 222.327, "test_steps_per_second": 13.969}