{"test_loss": 0.15488605201244354, "test_accuracy": 0.9509525739764897, "test_f1": 0.9494674361653028, "test_precision": 0.9497901028409785, "test_recall": 0.9493434781000042, "test_runtime": 11.9665, "test_samples_per_second": 206.158, "test_steps_per_second": 12.953}