{"test_loss": 0.1327875405550003, "test_accuracy": 0.9594649371706526, "test_f1": 0.9581168161295119, "test_precision": 0.9581295563806823, "test_recall": 0.9581181694858277, "test_runtime": 6.1904, "test_samples_per_second": 398.522, "test_steps_per_second": 25.039}