{"accuracy": 0.30461276482078165, "f1": 0.2047027506146564, "precision": 0.3519559731830835, "recall": 0.2932954244352126, "total_time_in_seconds": 434.970404349966, "samples_per_second": 137.7082196879924, "latency_in_seconds": 0.007261730652431025}