{"accuracy": 0.45922302542613397, "f1": 0.21156555987385747, "precision": 0.620704202689998, "recall": 0.3341272215810071, "total_time_in_seconds": 432.9102759959642, "samples_per_second": 138.3635439519075, "latency_in_seconds": 0.0072273372843614115}