{"accuracy": 0.5734486385415449, "f1": 0.5447545524916569, "precision": 0.5624245955822583, "recall": 0.539814126503745, "total_time_in_seconds": 449.7509526978247, "samples_per_second": 133.1825972589868, "latency_in_seconds": 0.007508488500606432}