{"accuracy": 0.6890098332192524, "f1": 0.6881565956276267, "precision": 0.6788072694690742, "recall": 0.7141996582951955, "total_time_in_seconds": 446.00293352105655, "samples_per_second": 134.3018072260551, "latency_in_seconds": 0.0074459161842611145}