{"accuracy": 0.6375732483013072, "f1": 0.6226355998513619, "precision": 0.6550361035103723, "recall": 0.6260243188971023, "total_time_in_seconds": 446.69995809718966, "samples_per_second": 134.0922445015489, "latency_in_seconds": 0.007457552848915502}