{"accuracy": 0.3573181522229086, "f1": 0.20405393858968998, "precision": 0.4532155982204311, "recall": 0.3453598170329808, "total_time_in_seconds": 543.1392762770411, "samples_per_second": 110.28294696450399, "latency_in_seconds": 0.009067585039433732}