{"accuracy": 0.5032638274428621, "f1": 0.3148572728127629, "precision": 0.5966675295678685, "recall": 0.38191807381141235, "total_time_in_seconds": 437.3815441359766, "samples_per_second": 136.9490798207483, "latency_in_seconds": 0.007301984075459967}