{"accuracy": 0.4796574233292709, "f1": 0.3095448721530405, "precision": 0.5679088407046562, "recall": 0.3748148021564394, "total_time_in_seconds": 444.53665746492334, "samples_per_second": 134.74479324514738, "latency_in_seconds": 0.007421437043438511}