{"accuracy": 0.4708258902485851, "f1": 0.2952462319290036, "precision": 0.5680237984347901, "recall": 0.3695410175887861, "total_time_in_seconds": 431.6412676689215, "samples_per_second": 138.77032732177005, "latency_in_seconds": 0.007206151482811425}