{"accuracy": 0.4433629943738627, "f1": 0.3079764444981939, "precision": 0.4604891761297896, "recall": 0.38256231529374474, "total_time_in_seconds": 437.9397329299245, "samples_per_second": 136.77452739732237, "latency_in_seconds": 0.007311302908728434}