{"accuracy": 0.3709243893888045, "f1": 0.3362747639027683, "precision": 0.40501585961301706, "recall": 0.4445216004086941, "total_time_in_seconds": 259.1190425280947, "samples_per_second": 231.16402181636462, "latency_in_seconds": 0.00432593269550568}