{"accuracy": 0.576403612748126, "f1": 0.565649149772186, "precision": 0.5626151741727932, "recall": 0.5855276480836669, "total_time_in_seconds": 438.05134754185565, "samples_per_second": 136.73967751982929, "latency_in_seconds": 0.0073131662889506606}