{"accuracy": 0.4893904739645069, "f1": 0.3678760697619197, "precision": 0.5611730742848545, "recall": 0.4097429633576877, "total_time_in_seconds": 455.6466248508077, "samples_per_second": 131.4593299568777, "latency_in_seconds": 0.007606915388417298}