{"accuracy": 0.18993639292809564, "f1": 0.1064126307125353, "precision": 0.06331213097603187, "recall": 0.3333333333333333, "total_time_in_seconds": 438.57757634599693, "samples_per_second": 136.57560995034834, "latency_in_seconds": 0.007321951557555167}