{"accuracy": 0.6294595903103558, "f1": 0.6261420742686691, "precision": 0.6242530487472499, "recall": 0.6391337823402452, "total_time_in_seconds": 440.25238838093355, "samples_per_second": 136.05604780540494, "latency_in_seconds": 0.007349912158482338}