{"accuracy": 0.6062371658959248, "f1": 0.5798567826292857, "precision": 0.6522621828124402, "recall": 0.5706619621957857, "total_time_in_seconds": 444.3687002819497, "samples_per_second": 134.79572247549024, "latency_in_seconds": 0.007418633036978076}