{"accuracy": 0.3458989298652732, "f1": 0.3364457181679669, "precision": 0.3788909363279311, "recall": 0.38802171068435465, "total_time_in_seconds": 425.2811671139207, "samples_per_second": 140.84564432159482, "latency_in_seconds": 0.007099971069866286}