{"accuracy": 0.4863520259102823, "f1": 0.3316500239565891, "precision": 0.5731640364503379, "recall": 0.38420844263274256, "total_time_in_seconds": 249.44060898688622, "samples_per_second": 240.13331367046595, "latency_in_seconds": 0.0041643534781363}