{"accuracy": 0.518756573565502, "f1": 0.5004541512898972, "precision": 0.5455801921311688, "recall": 0.5260561250468782, "total_time_in_seconds": 438.85589947295375, "samples_per_second": 136.48899347584484, "latency_in_seconds": 0.007326598098014219}