{"accuracy": 0.6513297383929615, "f1": 0.6312393566161759, "precision": 0.6637163857022975, "recall": 0.6216105729341193, "total_time_in_seconds": 462.94568681996316, "samples_per_second": 129.38666825357933, "latency_in_seconds": 0.0077287715457680945}