{"accuracy": 0.40167615486068214, "f1": 0.39641688299401506, "precision": 0.45315205186944874, "recall": 0.4588518930119719, "total_time_in_seconds": 440.87907109502703, "samples_per_second": 135.86265243035177, "latency_in_seconds": 0.007360374481961752}