{"accuracy": 0.5051670311691348, "f1": 0.4970812885059417, "precision": 0.5023997196689234, "recall": 0.5185232427434604, "total_time_in_seconds": 446.66337689291686, "samples_per_second": 134.1032264983753, "latency_in_seconds": 0.007456942134141085}