{"accuracy": 0.28745356995460175, "f1": 0.1954893814817191, "precision": 0.45668478622467096, "recall": 0.3043665665243338, "total_time_in_seconds": 56.69124212791212, "samples_per_second": 85.48057544877916, "latency_in_seconds": 0.011698564203035932}