{"accuracy": 0.3155179529508873, "f1": 0.3161235814437868, "precision": 0.3601459242147382, "recall": 0.42781757759746203, "total_time_in_seconds": 115.49741453491151, "samples_per_second": 41.95764917781077, "latency_in_seconds": 0.02383355644550382}