{"accuracy": 0.9556335121749897, "f1": 0.9527344054650184, "precision": 0.9529575963090752, "recall": 0.9531970828931552, "total_time_in_seconds": 62.48942018300295, "samples_per_second": 77.54912728920002, "latency_in_seconds": 0.012895051626703043}