{"accuracy": 0.5559224102352456, "f1": 0.33830363887433484, "precision": 0.3970627778011206, "recall": 0.3551804499062355, "total_time_in_seconds": 41.58489012345672, "samples_per_second": 116.53271141545052, "latency_in_seconds": 0.008581281494728997}