{"accuracy": 0.6747833264548081, "f1": 0.5951367274969315, "precision": 0.6634831570474348, "recall": 0.5797072360398902, "total_time_in_seconds": 38.46801902982406, "samples_per_second": 125.97477390876095, "latency_in_seconds": 0.007938097199716066}