{"accuracy": 0.5982253404869996, "f1": 0.27052230642502534, "precision": 0.381890430590841, "recall": 0.34170150076056105, "total_time_in_seconds": 115.2072042208165, "samples_per_second": 42.063341722204456, "latency_in_seconds": 0.023773669876355034}