{"accuracy": 0.5344614114733801, "f1": 0.29170253574911315, "precision": 0.40260775940707977, "recall": 0.3429758166817087, "total_time_in_seconds": 56.990560844074935, "samples_per_second": 85.03162503100403, "latency_in_seconds": 0.011760330343391443}