{"accuracy": 0.6543541064795708, "f1": 0.5616763332221398, "precision": 0.6536110775575285, "recall": 0.5295460814825682, "total_time_in_seconds": 65.92093184776604, "samples_per_second": 73.51231034159332, "latency_in_seconds": 0.013603163815056963}