{"accuracy": 0.48926950061906727, "f1": 0.3395451503084364, "precision": 0.36238992327303426, "recall": 0.3439163217325552, "total_time_in_seconds": 41.99812805838883, "samples_per_second": 115.38609514363928, "latency_in_seconds": 0.008666555521747592}