{"accuracy": 0.6927362773421378, "f1": 0.6209862125674565, "precision": 0.6947081090299713, "recall": 0.6073309332559902, "total_time_in_seconds": 24.49283248744905, "samples_per_second": 197.85380080001988, "latency_in_seconds": 0.005054236996997328}