{"accuracy": 0.5084605860503508, "f1": 0.32622960804490475, "precision": 0.30598076033095056, "recall": 0.34967305687426625, "total_time_in_seconds": 65.9899124559015, "samples_per_second": 73.43546641675565, "latency_in_seconds": 0.013617398360689538}