{"accuracy": 0.28126289723483283, "f1": 0.14634670102539324, "precision": 0.0937542990782776, "recall": 0.3333333333333333, "total_time_in_seconds": 118.1603581160307, "samples_per_second": 41.012062567052666, "latency_in_seconds": 0.02438307018490109}