{"accuracy": 0.8497730086669418, "f1": 0.827057040139819, "precision": 0.8407552236645719, "recall": 0.8150443653970081, "total_time_in_seconds": 114.9975637216121, "samples_per_second": 42.14002317241496, "latency_in_seconds": 0.023730409352375588}