{"accuracy": 0.2948823772183244, "f1": 0.21084132869675207, "precision": 0.2666846407340226, "recall": 0.370371810008762, "total_time_in_seconds": 234.06736973300576, "samples_per_second": 20.703441088468246, "latency_in_seconds": 0.048301149346472505}