{"accuracy": 0.6285596368138671, "f1": 0.6072504960181673, "precision": 0.5913445898106584, "recall": 0.6445813760888565, "total_time_in_seconds": 116.35930270887911, "samples_per_second": 41.64686352688338, "latency_in_seconds": 0.02401141203237291}