{"accuracy": 0.6434172513413124, "f1": 0.5153201433586816, "precision": 0.6204730426122597, "recall": 0.48981016531629856, "total_time_in_seconds": 59.26519938604906, "samples_per_second": 81.76805359977817, "latency_in_seconds": 0.01222971510236258}