{"accuracy": 0.597399917457697, "f1": 0.49071025578827476, "precision": 0.5149835991504446, "recall": 0.4793330380621991, "total_time_in_seconds": 55.43252283404581, "samples_per_second": 87.42160291906578, "latency_in_seconds": 0.011438820229889768}