{"accuracy": 0.6310359059017746, "f1": 0.4757277305510965, "precision": 0.6018982591963224, "recall": 0.460423723742325, "total_time_in_seconds": 42.54392069019377, "samples_per_second": 113.90581595167806, "latency_in_seconds": 0.008779182973626449}