{"accuracy": 0.6702434997936443, "f1": 0.5770762133326366, "precision": 0.699737669801553, "recall": 0.5384554965333755, "total_time_in_seconds": 54.83888603793457, "samples_per_second": 88.36795110403591, "latency_in_seconds": 0.011316319859251873}