{"accuracy": 0.5024762690879075, "f1": 0.5286177517405993, "precision": 0.5693715018609534, "recall": 0.6014386529593997, "total_time_in_seconds": 115.760717689991, "samples_per_second": 41.86221454654128, "latency_in_seconds": 0.023887890567476477}