{"accuracy": 0.6007016095749071, "f1": 0.31515280257561734, "precision": 0.5733809735581584, "recall": 0.3613453503784001, "total_time_in_seconds": 115.72834527492523, "samples_per_second": 41.87392456435631, "latency_in_seconds": 0.02388121033324912}