{"accuracy": 0.6209244737928188, "f1": 0.4636714320992015, "precision": 0.5623367650553205, "recall": 0.4812648541103391, "total_time_in_seconds": 114.87703779153526, "samples_per_second": 42.18423536297938, "latency_in_seconds": 0.023705538132797205}