{"accuracy": 0.3483285183656624, "f1": 0.350497763789602, "precision": 0.2729803375445293, "recall": 0.5391224882134106, "total_time_in_seconds": 115.52790408022702, "samples_per_second": 41.94657592536909, "latency_in_seconds": 0.023839848138717916}