{"accuracy": 0.6178291374329343, "f1": 0.3877808706503137, "precision": 0.6617804486356239, "recall": 0.4071305798742573, "total_time_in_seconds": 57.427901735994965, "samples_per_second": 84.38406860619457, "latency_in_seconds": 0.011850578154353069}