{"accuracy": 0.6582748658687577, "f1": 0.5777827955916573, "precision": 0.6376759921006735, "recall": 0.5651137854140653, "total_time_in_seconds": 42.65331490151584, "samples_per_second": 113.61367835510903, "latency_in_seconds": 0.008801757098950855}