{"accuracy": 0.7063557573256294, "f1": 0.6328997927883738, "precision": 0.6767460244779455, "recall": 0.6077027556240653, "total_time_in_seconds": 116.17344683408737, "samples_per_second": 41.71349075078055, "latency_in_seconds": 0.023973059602576844}