{"accuracy": 0.981634337598019, "f1": 0.9793462277402406, "precision": 0.9792810182297921, "recall": 0.9794195133125162, "total_time_in_seconds": 113.97735153883696, "samples_per_second": 42.51721885596509, "latency_in_seconds": 0.023519882694766188}