{"accuracy": 0.8697895171275278, "f1": 0.8496062180421263, "precision": 0.8648457502172673, "recall": 0.8407742013854187, "total_time_in_seconds": 142.9442177247256, "samples_per_second": 33.90133631940377, "latency_in_seconds": 0.029497362303905407}