{"accuracy": 0.6025588113908378, "f1": 0.48093328049414713, "precision": 0.5516482582676966, "recall": 0.5846437392081629, "total_time_in_seconds": 65.89791215956211, "samples_per_second": 73.53798991789184, "latency_in_seconds": 0.01359841356986424}