{"accuracy": 0.4201403219149814, "f1": 0.2968484840739217, "precision": 0.31279634669531914, "recall": 0.33764286618442724, "total_time_in_seconds": 36.67986863851547, "samples_per_second": 132.11606747444802, "latency_in_seconds": 0.007569102071505463}