{"accuracy": 0.5843995047461824, "f1": 0.2634176168598697, "precision": 0.34810334585852437, "recall": 0.33349933966642875, "total_time_in_seconds": 115.66169388592243, "samples_per_second": 41.89805489775749, "latency_in_seconds": 0.023867456435394643}