{"accuracy": 0.6384647131654974, "f1": 0.4624509724256747, "precision": 0.6694929798716615, "recall": 0.4638400143827976, "total_time_in_seconds": 115.56599602662027, "samples_per_second": 41.93274982793156, "latency_in_seconds": 0.0238477086311639}