{"accuracy": 0.46574494428394553, "f1": 0.32885359533568365, "precision": 0.35894150182608886, "recall": 0.3754643292528974, "total_time_in_seconds": 54.97371509601362, "samples_per_second": 88.15121902415149, "latency_in_seconds": 0.011344142611641276}