{"accuracy": 0.6873710276516715, "f1": 0.6114202544497446, "precision": 0.706886269242074, "recall": 0.5950002067695641, "total_time_in_seconds": 117.67254723608494, "samples_per_second": 41.18207784078585, "latency_in_seconds": 0.024282407601338204}