{"accuracy": 0.5934791580685101, "f1": 0.24922407819682746, "precision": 0.29321288341747115, "recall": 0.33324354576460485, "total_time_in_seconds": 58.083018532022834, "samples_per_second": 83.43230297730241, "latency_in_seconds": 0.011985765276934138}