{"accuracy": 0.5881139083780438, "f1": 0.35994075165994327, "precision": 0.4632925114784811, "recall": 0.3848766410687628, "total_time_in_seconds": 60.38569203391671, "samples_per_second": 80.25079843877846, "latency_in_seconds": 0.012460935211291107}