{"accuracy": 0.572430870821296, "f1": 0.46376229491833837, "precision": 0.48146476630955043, "recall": 0.4712217523757436, "total_time_in_seconds": 66.9889743104577, "samples_per_second": 72.34026270564179, "latency_in_seconds": 0.013823560526301633}