{"accuracy": 0.9145687164671894, "f1": 0.9091409987633772, "precision": 0.9038698318759756, "recall": 0.9150604401828932, "total_time_in_seconds": 52.62612112285569, "samples_per_second": 92.08354894116196, "latency_in_seconds": 0.010859703079417188}