{"accuracy": 0.5926537350392076, "f1": 0.25382639668248336, "precision": 0.38362879438081426, "recall": 0.3348321215516267, "total_time_in_seconds": 55.712359338998795, "samples_per_second": 86.98249468332581, "latency_in_seconds": 0.011496566103796698}