{"accuracy": 0.8499793644242675, "f1": 0.8254396320246999, "precision": 0.818740533214224, "recall": 0.8358381970619746, "total_time_in_seconds": 65.87457233294845, "samples_per_second": 73.5640449475249, "latency_in_seconds": 0.01359359726226753}