{"accuracy": 0.959347915806851, "f1": 0.9544359760824515, "precision": 0.9512180194103999, "recall": 0.9578977124807834, "total_time_in_seconds": 115.68348638154566, "samples_per_second": 41.89016212752259, "latency_in_seconds": 0.02387195344233299}