{"accuracy": 0.5895583986793231, "f1": 0.2546200730297983, "precision": 0.2853418298302413, "recall": 0.33284659466841926, "total_time_in_seconds": 117.30713496357203, "samples_per_second": 41.31036020532641, "latency_in_seconds": 0.02420700267510772}