{"accuracy": 0.28415187783739165, "f1": 0.16593473188038363, "precision": 0.37069947492519256, "recall": 0.3387913678704982, "total_time_in_seconds": 52.56715365499258, "samples_per_second": 92.18684412333118, "latency_in_seconds": 0.01084753480292872}