{"accuracy": 0.5955427156417664, "f1": 0.2570802255326217, "precision": 0.7052555855295012, "recall": 0.33669009998617344, "total_time_in_seconds": 114.3898923676461, "samples_per_second": 42.36388285448406, "latency_in_seconds": 0.023605012869922844}