{"accuracy": 0.6037969459347916, "f1": 0.3593054017275176, "precision": 0.48159479278498935, "recall": 0.38445310099471874, "total_time_in_seconds": 114.24710163474083, "samples_per_second": 42.41683098003778, "latency_in_seconds": 0.023575547180095097}