{"accuracy": 0.633099463475031, "f1": 0.34045825685432135, "precision": 0.3943751789256063, "recall": 0.38264556650306975, "total_time_in_seconds": 114.52484247274697, "samples_per_second": 42.313963463020556, "latency_in_seconds": 0.023632860601062105}