{"accuracy": 0.5914156004952538, "f1": 0.2506057335853646, "precision": 0.29310719721678624, "recall": 0.33260084685732044, "total_time_in_seconds": 42.42804551124573, "samples_per_second": 114.21690397488491, "latency_in_seconds": 0.008755271463319381}