{"accuracy": 0.594098225340487, "f1": 0.2484573894282632, "precision": 0.1980327417801623, "recall": 0.3333333333333333, "total_time_in_seconds": 117.2286121957004, "samples_per_second": 41.33803095706815, "latency_in_seconds": 0.02419079904987627}