{"accuracy": 0.536731324803962, "f1": 0.43984327642359994, "precision": 0.466697204911349, "recall": 0.43168672483328435, "total_time_in_seconds": 240.95479981042445, "samples_per_second": 20.111655811848024, "latency_in_seconds": 0.049722410196125555}