{"accuracy": 0.46533223276929425, "f1": 0.3723602218512223, "precision": 0.37143348433103623, "recall": 0.37372071074920643, "total_time_in_seconds": 117.40753270126879, "samples_per_second": 41.27503481680465, "latency_in_seconds": 0.02422772032630392}