{"accuracy": 0.3266611638464713, "f1": 0.3007345580874992, "precision": 0.25438811012647766, "recall": 0.4633510354869064, "total_time_in_seconds": 118.2643857691437, "samples_per_second": 40.97598755942947, "latency_in_seconds": 0.024404536890042034}