{"accuracy": 0.5703673132480396, "f1": 0.3788093943580019, "precision": 0.440036835585735, "recall": 0.4002130153770484, "total_time_in_seconds": 53.07954554702155, "samples_per_second": 91.29693839799506, "latency_in_seconds": 0.010953269819855872}