{"accuracy": 0.5189847296739579, "f1": 0.3356025729351709, "precision": 0.353430602133251, "recall": 0.3440672458501807, "total_time_in_seconds": 126.56717892922461, "samples_per_second": 38.2879672360387, "latency_in_seconds": 0.026117866060508588}