{"accuracy": 0.55901774659513, "f1": 0.42029418931206336, "precision": 0.5694366249383879, "recall": 0.41817160303847856, "total_time_in_seconds": 114.52489587664604, "samples_per_second": 42.31394373167204, "latency_in_seconds": 0.023632871621264144}