{"accuracy": 0.19129178704085845, "f1": 0.17148936923893096, "precision": 0.3745853628643354, "recall": 0.3078887897542966, "total_time_in_seconds": 114.43559891730547, "samples_per_second": 42.34696236004202, "latency_in_seconds": 0.023614444679592544}