{"accuracy": 0.43602971522905487, "f1": 0.33252578089464346, "precision": 0.34668041951574263, "recall": 0.34581289039238367, "total_time_in_seconds": 116.55545407906175, "samples_per_second": 41.5767759500372, "latency_in_seconds": 0.024051888996917407}