{"accuracy": 0.5938918695831614, "f1": 0.2502588238139068, "precision": 0.34620479482997574, "recall": 0.3337326629081607, "total_time_in_seconds": 115.11873603239655, "samples_per_second": 42.09566719561832, "latency_in_seconds": 0.02375541395633441}