{"accuracy": 0.2556747833264548, "f1": 0.2505424033748564, "precision": 0.35252384521606084, "recall": 0.44775509042935574, "total_time_in_seconds": 24.46777494624257, "samples_per_second": 198.05642362850747, "latency_in_seconds": 0.0050490662291049464}