{"accuracy": 0.5936855138258358, "f1": 0.24834908714230222, "precision": 0.19797687861271676, "recall": 0.3331017714484196, "total_time_in_seconds": 115.24714484624565, "samples_per_second": 42.04876404066392, "latency_in_seconds": 0.023781911854363527}