{"accuracy": 0.592447379281882, "f1": 0.24894929850822498, "precision": 0.2533903369650163, "recall": 0.3326646410523205, "total_time_in_seconds": 23.79333934187889, "samples_per_second": 203.6704445042108, "latency_in_seconds": 0.0049098925591991105}