{"accuracy": 0.6432108955839868, "f1": 0.4969210739831413, "precision": 0.6497938968613558, "recall": 0.47373470085031694, "total_time_in_seconds": 42.30972046032548, "samples_per_second": 114.53632752180846, "latency_in_seconds": 0.008730854407826142}