{"accuracy": 0.32501031778786627, "f1": 0.22958388158776702, "precision": 0.364341914063937, "recall": 0.3248738249849293, "total_time_in_seconds": 48.01247633062303, "samples_per_second": 100.9320987034604, "latency_in_seconds": 0.009907650914284572}