{"accuracy": 0.12463887742468015, "f1": 0.07388379204892967, "precision": 0.04154629247489338, "recall": 0.3333333333333333, "total_time_in_seconds": 56.999494209187105, "samples_per_second": 85.01829827147708, "latency_in_seconds": 0.011762173794714632}