{"accuracy": 0.8825835740817168, "f1": 0.8689782943708201, "precision": 0.8587720090408743, "recall": 0.8806745701104202, "total_time_in_seconds": 124.65450637601316, "samples_per_second": 38.875449760174085, "latency_in_seconds": 0.025723175067274694}