{"accuracy": 0.6960379694593479, "f1": 0.6688563744728194, "precision": 0.6680933514565934, "recall": 0.6696809914632639, "total_time_in_seconds": 41.96291190199554, "samples_per_second": 115.48292957642792, "latency_in_seconds": 0.008659288465124957}