{"accuracy": 0.7891044160132068, "f1": 0.787307225818457, "precision": 0.7748480705058381, "recall": 0.8123683372769303, "total_time_in_seconds": 60.34541341708973, "samples_per_second": 80.30436325799734, "latency_in_seconds": 0.012452623486811748}