{"accuracy": 0.6176227816756088, "f1": 0.4906384408371644, "precision": 0.6436957753769509, "recall": 0.49383109864323255, "total_time_in_seconds": 58.439663644880056, "samples_per_second": 82.92313298460543, "latency_in_seconds": 0.012059361049294275}