{"accuracy": 0.5499380932728023, "f1": 0.2668832745222713, "precision": 0.2800637225372364, "recall": 0.31796000358191684, "total_time_in_seconds": 115.13075480982661, "samples_per_second": 42.09127272729724, "latency_in_seconds": 0.023757894100253116}