{"accuracy": 0.6832439125051589, "f1": 0.6225162029964197, "precision": 0.6700265353346723, "recall": 0.6074822477861459, "total_time_in_seconds": 115.92728401720524, "samples_per_second": 41.80206619246584, "latency_in_seconds": 0.023922262488073717}