{"accuracy": 0.28126289723483283, "f1": 0.14634670102539324, "precision": 0.0937542990782776, "recall": 0.3333333333333333, "total_time_in_seconds": 114.17912613600492, "samples_per_second": 42.44208345251887, "latency_in_seconds": 0.02356152004457386}