{"accuracy": 0.907552620718118, "f1": 0.8968143315552525, "precision": 0.8911732482571192, "recall": 0.9027970547949291, "total_time_in_seconds": 34.004080940037966, "samples_per_second": 142.5123063477389, "latency_in_seconds": 0.007016937874543534}