{"accuracy": 0.6644655385885266, "f1": 0.5622375734118443, "precision": 0.673693455055849, "recall": 0.5281601130627037, "total_time_in_seconds": 66.35197708383203, "samples_per_second": 73.0347491209998, "latency_in_seconds": 0.013692112481186963}