{"accuracy": 0.6968633924886505, "f1": 0.5608403292516554, "precision": 0.7436898384562692, "recall": 0.5437847060460382, "total_time_in_seconds": 117.21604113467038, "samples_per_second": 41.34246433414685, "latency_in_seconds": 0.024188204939057035}