{"accuracy": 0.6599257119273628, "f1": 0.5587438625055688, "precision": 0.6771749212673422, "recall": 0.5234206876362784, "total_time_in_seconds": 67.08006798289716, "samples_per_second": 72.2420257718812, "latency_in_seconds": 0.013842358230065448}