{"accuracy": 0.6310359059017746, "f1": 0.46307845133375913, "precision": 0.6727247286640242, "recall": 0.44588900418415967, "total_time_in_seconds": 114.27355653606355, "samples_per_second": 42.4070112709816, "latency_in_seconds": 0.02358100630129252}