{"accuracy": 0.5169211721007017, "f1": 0.4226170980107978, "precision": 0.4439911047006507, "recall": 0.4965586004614481, "total_time_in_seconds": 20.81080903415568, "samples_per_second": 232.85976013938316, "latency_in_seconds": 0.004294430258802245}