{"accuracy": 0.4867932315311597, "f1": 0.39127718878923373, "precision": 0.3987580365203181, "recall": 0.4091678447153806, "total_time_in_seconds": 58.47595163597725, "samples_per_second": 82.87167398603745, "latency_in_seconds": 0.012066849285178961}