{"accuracy": 0.8501857201815931, "f1": 0.8288112567295985, "precision": 0.8429355451659966, "recall": 0.8164641784765908, "total_time_in_seconds": 56.6475301948376, "samples_per_second": 85.54653633322262, "latency_in_seconds": 0.011689543993982171}