{"accuracy": 0.5336359884440776, "f1": 0.4333416776701145, "precision": 0.4445576372427282, "recall": 0.4273892506101297, "total_time_in_seconds": 70.95992052927613, "samples_per_second": 68.29207197322991, "latency_in_seconds": 0.014642988140585251}