{"accuracy": 0.5433347090383822, "f1": 0.47076134947909914, "precision": 0.4744443304683599, "recall": 0.47030893497086995, "total_time_in_seconds": 65.84068083204329, "samples_per_second": 73.60191205133397, "latency_in_seconds": 0.013586603555931342}