{"accuracy": 0.5926537350392076, "f1": 0.2562447333275588, "precision": 0.4203661380058637, "recall": 0.33547600969823205, "total_time_in_seconds": 203.29243691079319, "samples_per_second": 23.837581336714827, "latency_in_seconds": 0.041950564777299464}