{"accuracy": 0.5922410235245563, "f1": 0.2531656998140536, "precision": 0.42440590572207765, "recall": 0.33388639895234523, "total_time_in_seconds": 121.51022206433117, "samples_per_second": 39.881418350419786, "latency_in_seconds": 0.02507433389689046}