{"accuracy": 0.6013206768468841, "f1": 0.31805417240577116, "precision": 0.5869545444930939, "recall": 0.36223705625383434, "total_time_in_seconds": 113.1889858674258, "samples_per_second": 42.81335293237759, "latency_in_seconds": 0.02335719889959261}