{"accuracy": 0.7144036318613289, "f1": 0.6543779926497715, "precision": 0.744063443276581, "recall": 0.6139131640490089, "total_time_in_seconds": 231.42699790000916, "samples_per_second": 20.939648545645365, "latency_in_seconds": 0.04775629341725323}