{"accuracy": 0.7014032191498143, "f1": 0.6664202063558117, "precision": 0.6630946919763352, "recall": 0.6731862289353954, "total_time_in_seconds": 67.18970770947635, "samples_per_second": 72.12414170565779, "latency_in_seconds": 0.013864983018876672}