{"accuracy": 0.9808089145687164, "f1": 0.9776597549948157, "precision": 0.982029384642074, "recall": 0.9734656890372376, "total_time_in_seconds": 115.47970824874938, "samples_per_second": 41.96408246513284, "latency_in_seconds": 0.02382990265141341}