{"accuracy": 0.4087907552620718, "f1": 0.4037848093302112, "precision": 0.5672052622180016, "recall": 0.5004261590445542, "total_time_in_seconds": 42.22513144090772, "samples_per_second": 114.7657765561197, "latency_in_seconds": 0.008713398976662757}