{"accuracy": 0.638671068922823, "f1": 0.5555882303677152, "precision": 0.5918756811820006, "recall": 0.5680622372377057, "total_time_in_seconds": 114.41734695062041, "samples_per_second": 42.35371758874473, "latency_in_seconds": 0.023610678281184568}