{"accuracy": 0.5030953363598845, "f1": 0.2733440145154186, "precision": 0.25179455677547924, "recall": 0.3000452505561605, "total_time_in_seconds": 115.03751451894641, "samples_per_second": 42.12538857662711, "latency_in_seconds": 0.02373865342941527}