{"accuracy": 0.37123400742880724, "f1": 0.4004346102662764, "precision": 0.3613571564477855, "recall": 0.5885446594983111, "total_time_in_seconds": 66.97022387199104, "samples_per_second": 72.36051665681744, "latency_in_seconds": 0.013819691265371654}