{"accuracy": 0.2300873015873016, "f1": 0.18251564645151416, "precision": 0.38417000793769573, "recall": 0.2300873015873016, "total_time_in_seconds": 925.1343180651311, "samples_per_second": 136.19643930572403, "latency_in_seconds": 0.00734233585765977}