{"accuracy": 0.415515873015873, "f1": 0.3530140026197963, "precision": 0.562169719478561, "recall": 0.415515873015873, "total_time_in_seconds": 949.9624865769874, "samples_per_second": 132.63681648526722, "latency_in_seconds": 0.0075393848141030746}