{"accuracy": 0.656515873015873, "f1": 0.5974018905244479, "precision": 0.64276420187084, "recall": 0.656515873015873, "total_time_in_seconds": 961.4863118678331, "samples_per_second": 131.04710742602865, "latency_in_seconds": 0.007630843744982802}