{"accuracy": 0.5089206349206349, "f1": 0.4824818055866716, "precision": 0.6309110569674482, "recall": 0.5089206349206349, "total_time_in_seconds": 550.8733616750687, "samples_per_second": 228.72770543281558, "latency_in_seconds": 0.00437201080694499}