{"accuracy": 0.37807936507936507, "f1": 0.3043968489827686, "precision": 0.4828958631155053, "recall": 0.37807936507936507, "total_time_in_seconds": 958.4489671289921, "samples_per_second": 131.4623984388335, "latency_in_seconds": 0.0076067378343570805}