{"accuracy": 0.5001190476190476, "f1": 0.4982057676229277, "precision": 0.5555563744616497, "recall": 0.5001190476190476, "total_time_in_seconds": 1023.1601186029147, "samples_per_second": 123.14788048233163, "latency_in_seconds": 0.008120318401610434}