{"accuracy": 0.6067063492063492, "f1": 0.6160281857635382, "precision": 0.6608392319712969, "recall": 0.6067063492063492, "total_time_in_seconds": 1148.7441869808827, "samples_per_second": 109.6849946471998, "latency_in_seconds": 0.009117017356991133}