{"accuracy": 0.8019444444444445, "f1": 0.7830740247071025, "precision": 0.8291113111359981, "recall": 0.8019444444444445, "total_time_in_seconds": 533.6612008998636, "samples_per_second": 236.1048541425493, "latency_in_seconds": 0.004235406356348124}