{"accuracy": 0.3333174603174603, "f1": 0.16666071421485174, "precision": 0.11110758371826007, "recall": 0.3333174603174603, "total_time_in_seconds": 1148.4298341250978, "samples_per_second": 109.71501806724649, "latency_in_seconds": 0.009114522493056332}