{"accuracy": 0.6678968253968254, "f1": 0.6449359623245459, "precision": 0.6494706806609062, "recall": 0.6678968253968254, "total_time_in_seconds": 1043.7706656008959, "samples_per_second": 120.7161727691036, "latency_in_seconds": 0.008283894171435682}