{"accuracy": 0.6636984126984127, "f1": 0.6567235908679243, "precision": 0.6567277688076055, "recall": 0.6636984126984128, "total_time_in_seconds": 335.47551055205986, "samples_per_second": 375.5862828635506, "latency_in_seconds": 0.002662504052000475}