{"accuracy": 0.6468174603174603, "f1": 0.620337492376304, "precision": 0.6556188299985325, "recall": 0.6468174603174603, "total_time_in_seconds": 948.2356228649151, "samples_per_second": 132.8783658425685, "latency_in_seconds": 0.007525679546546944}