{"accuracy": 0.3781507936507936, "f1": 0.33958809707174, "precision": 0.45458923351619546, "recall": 0.3781507936507937, "total_time_in_seconds": 1060.0352769182064, "samples_per_second": 118.86396872216764, "latency_in_seconds": 0.008412978388239734}