{"accuracy": 0.8508888888888889, "f1": 0.8415760039727571, "precision": 0.8682213029030953, "recall": 0.8508888888888889, "total_time_in_seconds": 940.9787535518408, "samples_per_second": 133.903129613073, "latency_in_seconds": 0.00746808534564953}