{"accuracy": 0.4022857142857143, "f1": 0.33914619240776567, "precision": 0.4367155575662161, "recall": 0.4022857142857143, "total_time_in_seconds": 1869.8351021558046, "samples_per_second": 67.38562125330184, "latency_in_seconds": 0.014839961128220672}