{"accuracy": 0.6515396825396825, "f1": 0.6444121754949155, "precision": 0.6440838498372428, "recall": 0.6515396825396825, "total_time_in_seconds": 1904.8578397203237, "samples_per_second": 66.14666846660833, "latency_in_seconds": 0.015117919362859712}