{"accuracy": 0.6864365079365079, "f1": 0.6853953078177134, "precision": 0.6851581938774585, "recall": 0.6864365079365079, "total_time_in_seconds": 551.5722543899901, "samples_per_second": 228.43788641861502, "latency_in_seconds": 0.004377557574523731}