{"accuracy": 0.4192619047619048, "f1": 0.32808158648349633, "precision": 0.3445095789606061, "recall": 0.4192619047619048, "total_time_in_seconds": 960.5398883745074, "samples_per_second": 131.17622862411886, "latency_in_seconds": 0.007623332447416726}