{"accuracy": 0.3656031746031746, "f1": 0.32346198544161414, "precision": 0.4692129996464575, "recall": 0.36560317460317454, "total_time_in_seconds": 1092.3620239780284, "samples_per_second": 115.3463753171763, "latency_in_seconds": 0.008669539872841496}