{"accuracy": 0.3341904761904762, "f1": 0.17040940937554724, "precision": 0.5287764856483069, "recall": 0.3341904761904762, "total_time_in_seconds": 948.036332483869, "samples_per_second": 132.90629871734785, "latency_in_seconds": 0.007524097876856103}