{"accuracy": 0.46915873015873016, "f1": 0.4450813586338753, "precision": 0.47146394722190116, "recall": 0.4691587301587301, "total_time_in_seconds": 540.2503962665796, "samples_per_second": 233.22518756252225, "latency_in_seconds": 0.0042877015576712665}