{"accuracy": 0.5020634920634921, "f1": 0.4599491180469108, "precision": 0.5342020120977482, "recall": 0.502063492063492, "total_time_in_seconds": 1859.9766539838165, "samples_per_second": 67.7427857656843, "latency_in_seconds": 0.014761719476062035}