{"accuracy": 0.430515873015873, "f1": 0.39990793452878354, "precision": 0.5020338851621219, "recall": 0.43051587301587296, "total_time_in_seconds": 1636.8621423467994, "samples_per_second": 76.97654966798333, "latency_in_seconds": 0.012990969383704755}