{"accuracy": 0.3611111111111111, "f1": 0.23840480658923346, "precision": 0.39528552300583214, "recall": 0.36111111111111116, "total_time_in_seconds": 1084.0245824679732, "samples_per_second": 116.23352646961084, "latency_in_seconds": 0.008603369702126771}