{"accuracy": 0.37197619047619046, "f1": 0.28787052393642437, "precision": 0.5472471862890079, "recall": 0.37197619047619046, "total_time_in_seconds": 936.219399554655, "samples_per_second": 134.58383799773455, "latency_in_seconds": 0.0074303126948782145}