{"accuracy": 0.5698650793650794, "f1": 0.5296588200293298, "precision": 0.5997254410391416, "recall": 0.5698650793650794, "total_time_in_seconds": 948.5766836814582, "samples_per_second": 132.8305894163345, "latency_in_seconds": 0.007528386378424273}