{"accuracy": 0.37587301587301586, "f1": 0.25132406545544256, "precision": 0.7444403493050727, "recall": 0.37587301587301586, "total_time_in_seconds": 974.5289350710809, "samples_per_second": 129.2932364197167, "latency_in_seconds": 0.007734356627548261}