{"accuracy": 0.6704365079365079, "f1": 0.6295295825980318, "precision": 0.6531806185103791, "recall": 0.6704365079365079, "total_time_in_seconds": 950.7365302611142, "samples_per_second": 132.528830006558, "latency_in_seconds": 0.007545528017945352}