{"accuracy": 0.6678095238095239, "f1": 0.6124698697464291, "precision": 0.6746688928670793, "recall": 0.6678095238095239, "total_time_in_seconds": 965.9300008211285, "samples_per_second": 130.44423497860976, "latency_in_seconds": 0.007666111117628004}