{"accuracy": 0.5657539682539683, "f1": 0.5059909329523397, "precision": 0.6648868347331064, "recall": 0.5657539682539682, "total_time_in_seconds": 968.0443913284689, "samples_per_second": 130.15932030460647, "latency_in_seconds": 0.0076828919946703884}