{"accuracy": 0.632015873015873, "f1": 0.5433753634033851, "precision": 0.5836762677461957, "recall": 0.632015873015873, "total_time_in_seconds": 985.3483034931123, "samples_per_second": 127.8735646606619, "latency_in_seconds": 0.007820224630897717}