{"accuracy": 0.6370396825396826, "f1": 0.5778554006985523, "precision": 0.6278387127050027, "recall": 0.6370396825396826, "total_time_in_seconds": 1940.4553658999503, "samples_per_second": 64.93321218010254, "latency_in_seconds": 0.015400439411904368}