{"accuracy": 0.7008968253968254, "f1": 0.6561353698092488, "precision": 0.6991663300643246, "recall": 0.7008968253968254, "total_time_in_seconds": 984.7293138438836, "samples_per_second": 127.95394452934475, "latency_in_seconds": 0.007815312014633997}