{"accuracy": 0.7018095238095238, "f1": 0.6578448469841885, "precision": 0.6999207820387904, "recall": 0.7018095238095238, "total_time_in_seconds": 2870.9473528452218, "samples_per_second": 43.887952133684735, "latency_in_seconds": 0.022785296451152556}