{"accuracy": 0.5763888888888888, "f1": 0.5599630395177437, "precision": 0.5696640482958789, "recall": 0.576388888888889, "total_time_in_seconds": 1166.1614496498369, "samples_per_second": 108.04678892260931, "latency_in_seconds": 0.00925524960039553}