{"accuracy": 0.6461904761904762, "f1": 0.6084623266280188, "precision": 0.6180420251383792, "recall": 0.6461904761904762, "total_time_in_seconds": 963.1153446868993, "samples_per_second": 130.825451691834, "latency_in_seconds": 0.007643772576880154}