{"accuracy": 0.6560952380952381, "f1": 0.5964276408133209, "precision": 0.6383479908431832, "recall": 0.6560952380952381, "total_time_in_seconds": 2906.5778107494116, "samples_per_second": 43.34994904798817, "latency_in_seconds": 0.02306807786309057}