{"accuracy": 0.6041666666666666, "f1": 0.5256278858625035, "precision": 0.5439317463514572, "recall": 0.6041666666666666, "total_time_in_seconds": 1919.8457119129598, "samples_per_second": 65.63027394240547, "latency_in_seconds": 0.015236870729467935}