{"accuracy": 0.3392777777777778, "f1": 0.18585699487708474, "precision": 0.38910992403949146, "recall": 0.3392777777777778, "total_time_in_seconds": 999.3270551071037, "samples_per_second": 126.08484815463727, "latency_in_seconds": 0.007931167104024632}