{"accuracy": 0.6914365079365079, "f1": 0.6857524736180117, "precision": 0.6846965658966292, "recall": 0.691436507936508, "total_time_in_seconds": 969.9186714261305, "samples_per_second": 129.9077991917967, "latency_in_seconds": 0.007697767233540718}