{"accuracy": 0.334015873015873, "f1": 0.17286862556163984, "precision": 0.16902157098040202, "recall": 0.33401587301587304, "total_time_in_seconds": 956.4092096257955, "samples_per_second": 131.74277153740368, "latency_in_seconds": 0.007590549282744409}