{"accuracy": 0.34823809523809524, "f1": 0.20231779710502998, "precision": 0.41887127608648483, "recall": 0.34823809523809524, "total_time_in_seconds": 979.6749051213264, "samples_per_second": 128.61409365629888, "latency_in_seconds": 0.007775197659693068}