{"accuracy": 0.5396746031746031, "f1": 0.5385651589894511, "precision": 0.539470635710075, "recall": 0.5396746031746033, "total_time_in_seconds": 1174.3263327162713, "samples_per_second": 107.2955587298772, "latency_in_seconds": 0.009320050259652947}