{"accuracy": 0.4020238095238095, "f1": 0.37307405052034626, "precision": 0.49449489269477703, "recall": 0.4020238095238095, "total_time_in_seconds": 650.7992098517716, "samples_per_second": 193.60810230347118, "latency_in_seconds": 0.005165073094061679}