{"accuracy": 0.658, "f1": 0.6577534451420081, "precision": 0.6650739803823951, "recall": 0.6579999999999999, "total_time_in_seconds": 964.7008378002793, "samples_per_second": 130.6104390738444, "latency_in_seconds": 0.0076563558555577714}