{"accuracy": 0.7194365079365079, "f1": 0.7183948610795704, "precision": 0.7188908556594905, "recall": 0.7194365079365079, "total_time_in_seconds": 976.1967804431915, "samples_per_second": 129.07233718062074, "latency_in_seconds": 0.007747593495580885}