{"accuracy": 0.3782142857142857, "f1": 0.2612003704107117, "precision": 0.5777519240185106, "recall": 0.37821428571428567, "total_time_in_seconds": 965.845171605004, "samples_per_second": 130.45569176539766, "latency_in_seconds": 0.007665437869880984}