{"accuracy": 0.7114047619047619, "f1": 0.671568373800243, "precision": 0.7133431367805624, "recall": 0.711404761904762, "total_time_in_seconds": 960.8844976611435, "samples_per_second": 131.12918389951378, "latency_in_seconds": 0.007626067441755107}