{"accuracy": 0.5705079365079365, "f1": 0.5774370162740082, "precision": 0.6470163865435642, "recall": 0.5705079365079365, "total_time_in_seconds": 538.5488695167005, "samples_per_second": 233.96205457282593, "latency_in_seconds": 0.004274197377116671}