{"accuracy": 0.5582619047619047, "f1": 0.5539944408614393, "precision": 0.5578704951282942, "recall": 0.5582619047619047, "total_time_in_seconds": 542.4656509179622, "samples_per_second": 232.27277116400344, "latency_in_seconds": 0.0043052829437933504}