{"accuracy": 0.5606587301587301, "f1": 0.5627021106868599, "precision": 0.5707583337158081, "recall": 0.5606587301587301, "total_time_in_seconds": 546.3719978313893, "samples_per_second": 230.6121113455812, "latency_in_seconds": 0.004336285697074518}