{"accuracy": 0.5088412698412699, "f1": 0.45919831634967284, "precision": 0.568971916717991, "recall": 0.5088412698412698, "total_time_in_seconds": 957.5649105329067, "samples_per_second": 131.5837690103725, "latency_in_seconds": 0.007599721512165926}