{"accuracy": 0.40784126984126984, "f1": 0.3762800554780155, "precision": 0.561731150773072, "recall": 0.40784126984126984, "total_time_in_seconds": 929.8352033412084, "samples_per_second": 135.50788306061108, "latency_in_seconds": 0.007379644470961972}