{"accuracy": 0.4162063492063492, "f1": 0.3474600796701206, "precision": 0.6362733922643645, "recall": 0.4162063492063492, "total_time_in_seconds": 537.2755126692355, "samples_per_second": 234.51655068741195, "latency_in_seconds": 0.004264091370390757}