{"accuracy": 0.3463730158730159, "f1": 0.2504962665318168, "precision": 0.23182612747490286, "recall": 0.34637301587301583, "total_time_in_seconds": 974.5148037187755, "samples_per_second": 129.29511128941346, "latency_in_seconds": 0.007734244473958537}