{"accuracy": 0.3598968253968254, "f1": 0.23893783092827867, "precision": 0.42736710938246075, "recall": 0.3598968253968254, "total_time_in_seconds": 922.0960052330047, "samples_per_second": 136.64520753255084, "latency_in_seconds": 0.007318222263754005}