{"accuracy": 0.6722619047619047, "f1": 0.6048695147530986, "precision": 0.6816816280409995, "recall": 0.6722619047619047, "total_time_in_seconds": 561.4912365989294, "samples_per_second": 224.40243371064616, "latency_in_seconds": 0.004456279655547059}