{"accuracy": 0.3961746031746032, "f1": 0.3824228765352978, "precision": 0.39575475548335987, "recall": 0.3961746031746031, "total_time_in_seconds": 970.5160443969071, "samples_per_second": 129.82783821806703, "latency_in_seconds": 0.007702508288864342}