{"accuracy": 0.3333333333333333, "f1": 0.16666666666666666, "precision": 0.1111111111111111, "recall": 0.3333333333333333, "total_time_in_seconds": 983.7259290665388, "samples_per_second": 128.084455514517, "latency_in_seconds": 0.007807348643385228}