{"accuracy": 0.3333333333333333, "f1": 0.16666765873606393, "precision": 0.11111199295232503, "recall": 0.3333333333333333, "total_time_in_seconds": 943.7438331618905, "samples_per_second": 133.51080618757894, "latency_in_seconds": 0.0074900304219197664}