{"accuracy": 0.3333174603174603, "f1": 0.16672615978379757, "precision": 0.17777954172619995, "recall": 0.33331746031746035, "total_time_in_seconds": 976.1091364491731, "samples_per_second": 129.0839264739952, "latency_in_seconds": 0.00774689790832677}