{"accuracy": 0.3333333333333333, "f1": 0.16666666666666666, "precision": 0.1111111111111111, "recall": 0.3333333333333333, "total_time_in_seconds": 950.5795993357897, "samples_per_second": 132.55070915475312, "latency_in_seconds": 0.007544282534411029}