{"accuracy": 0.6518809523809523, "f1": 0.6588710673104359, "precision": 0.6704790541625046, "recall": 0.6518809523809523, "total_time_in_seconds": 1714.9469643100165, "samples_per_second": 73.47165983683597, "latency_in_seconds": 0.013610690192936639}