{"accuracy": 0.5019126984126984, "f1": 0.5013668613034293, "precision": 0.5026602055861755, "recall": 0.5019126984126984, "total_time_in_seconds": 934.5267853960395, "samples_per_second": 134.82759613637285, "latency_in_seconds": 0.007416879249174917}