{"accuracy": 0.6259206349206349, "f1": 0.5013604110456588, "precision": 0.4184368697046208, "recall": 0.625920634920635, "total_time_in_seconds": 1949.1166185960174, "samples_per_second": 64.64466969183198, "latency_in_seconds": 0.015469179512666804}