{"accuracy": 0.3314761904761905, "f1": 0.20871739605508388, "precision": 0.3282204734502847, "recall": 0.3314761904761905, "total_time_in_seconds": 2041.7088277116418, "samples_per_second": 61.71301132161018, "latency_in_seconds": 0.01620403831517176}