{"accuracy": 0.3684206349206349, "f1": 0.26924532240020344, "precision": 0.525294313371312, "recall": 0.3684206349206349, "total_time_in_seconds": 979.0236445311457, "samples_per_second": 128.6996495986993, "latency_in_seconds": 0.007770028924850364}