{"accuracy": 0.3303730158730159, "f1": 0.24739566857254588, "precision": 0.3185266100697481, "recall": 0.3303730158730159, "total_time_in_seconds": 1826.4791228361428, "samples_per_second": 68.98518489734948, "latency_in_seconds": 0.0144958660542551}