{"accuracy": 0.4479444444444444, "f1": 0.4043179240428107, "precision": 0.6710444190122362, "recall": 0.4479444444444444, "total_time_in_seconds": 1891.6625888049603, "samples_per_second": 66.60807310229637, "latency_in_seconds": 0.015013195149245716}