{"accuracy": 0.37048412698412697, "f1": 0.3325800630814472, "precision": 0.3740110212936439, "recall": 0.37048412698412697, "total_time_in_seconds": 949.6991177294403, "samples_per_second": 132.6735990881442, "latency_in_seconds": 0.007537294585154288}