{"accuracy": 0.49376984126984125, "f1": 0.4671448123800858, "precision": 0.5154521711996807, "recall": 0.49376984126984125, "total_time_in_seconds": 1858.7522067837417, "samples_per_second": 67.78741111383633, "latency_in_seconds": 0.014752001641140806}