{"accuracy": 0.5154444444444445, "f1": 0.4545082241662544, "precision": 0.47252188822344204, "recall": 0.5154444444444445, "total_time_in_seconds": 907.174917308148, "samples_per_second": 138.89272906032133, "latency_in_seconds": 0.0071998009310170474}