{"accuracy": 0.4543968253968254, "f1": 0.4209654531215652, "precision": 0.6338540082857925, "recall": 0.4543968253968254, "total_time_in_seconds": 949.9568843410816, "samples_per_second": 132.6375986920684, "latency_in_seconds": 0.007539340351913345}