{"accuracy": 0.3603253968253968, "f1": 0.2795237362422182, "precision": 0.43150129775058166, "recall": 0.36032539682539677, "total_time_in_seconds": 952.3231815844774, "samples_per_second": 132.308025717027, "latency_in_seconds": 0.0075581204887656935}