{"accuracy": 0.34296031746031747, "f1": 0.1929440423019371, "precision": 0.46375835736232734, "recall": 0.34296031746031747, "total_time_in_seconds": 1074.7627253904939, "samples_per_second": 117.23517854065918, "latency_in_seconds": 0.008529862899924554}