{"accuracy": 0.6800396825396825, "f1": 0.6728728419070705, "precision": 0.6718693460149053, "recall": 0.6800396825396825, "total_time_in_seconds": 2759.075311470777, "samples_per_second": 45.66747398164834, "latency_in_seconds": 0.021897423106910927}