{"accuracy": 0.3462222222222222, "f1": 0.2287024176303082, "precision": 0.36881791391273094, "recall": 0.3462222222222222, "total_time_in_seconds": 394.43778517469764, "samples_per_second": 319.44201274782597, "latency_in_seconds": 0.0031304586124976004}