{"accuracy": 0.3333333333333333, "f1": 0.16666666666666666, "precision": 0.1111111111111111, "recall": 0.3333333333333333, "total_time_in_seconds": 927.2583553669974, "samples_per_second": 135.88445902990085, "latency_in_seconds": 0.007359193296563471}