{"accuracy": 0.6661984126984127, "f1": 0.6371149152077887, "precision": 0.6435209098467393, "recall": 0.6661984126984127, "total_time_in_seconds": 922.4589867200702, "samples_per_second": 136.59143855057482, "latency_in_seconds": 0.007321103069206907}