{"accuracy": 0.4349047619047619, "f1": 0.35683284912549373, "precision": 0.7370005074843752, "recall": 0.4349047619047619, "total_time_in_seconds": 1781.364582290873, "samples_per_second": 70.73229211617158, "latency_in_seconds": 0.01413781414516566}