{"accuracy": 0.7432063492063492, "f1": 0.7202048091515826, "precision": 0.7592056679155988, "recall": 0.7432063492063493, "total_time_in_seconds": 1915.5379243586212, "samples_per_second": 65.77786761501396, "latency_in_seconds": 0.015202681939354135}