{"accuracy": 0.5971349206349207, "f1": 0.6029425970710495, "precision": 0.6163429170642035, "recall": 0.5971349206349207, "total_time_in_seconds": 968.2491470593959, "samples_per_second": 130.13179550187687, "latency_in_seconds": 0.007684517040153935}