{"accuracy": 0.46934126984126984, "f1": 0.42581267209382334, "precision": 0.44345954630151674, "recall": 0.46934126984126984, "total_time_in_seconds": 982.2424580629449, "samples_per_second": 128.27790019226146, "latency_in_seconds": 0.007795575063991626}