{"accuracy": 0.4465, "f1": 0.4011353506440427, "precision": 0.6581754896822105, "recall": 0.44649999999999995, "total_time_in_seconds": 634.0413092491217, "samples_per_second": 198.72522209825485, "latency_in_seconds": 0.005032073882929537}