{"accuracy": 0.6808174603174603, "f1": 0.6616271446125713, "precision": 0.6671850593291332, "recall": 0.6808174603174603, "total_time_in_seconds": 567.245310915634, "samples_per_second": 222.12611999667968, "latency_in_seconds": 0.004501946912028842}