{"accuracy": 0.6667936507936508, "f1": 0.6448247391107501, "precision": 0.6528827671183666, "recall": 0.6667936507936508, "total_time_in_seconds": 937.6452760249376, "samples_per_second": 134.3791764559041, "latency_in_seconds": 0.007441629174801093}