{"accuracy": 0.6859920634920635, "f1": 0.6490275677348173, "precision": 0.6763996169972114, "recall": 0.6859920634920634, "total_time_in_seconds": 962.8040120601654, "samples_per_second": 130.867755453564, "latency_in_seconds": 0.007641301683017185}