{"accuracy": 0.6547619047619048, "f1": 0.6293719981026418, "precision": 0.6400735946321268, "recall": 0.6547619047619048, "total_time_in_seconds": 940.0074109211564, "samples_per_second": 134.04149641387062, "latency_in_seconds": 0.007460376277152035}