{"accuracy": 0.6661111111111111, "f1": 0.6482124022463839, "precision": 0.6585325777444805, "recall": 0.6661111111111111, "total_time_in_seconds": 974.6071993056685, "samples_per_second": 129.28285373816772, "latency_in_seconds": 0.00773497777226721}