{"accuracy": 0.8231746031746032, "f1": 0.8204206641488764, "precision": 0.8210437360221845, "recall": 0.8231746031746031, "total_time_in_seconds": 1779.3142592515796, "samples_per_second": 70.81379770035592, "latency_in_seconds": 0.0141215417400919}