{"accuracy": 0.4156190476190476, "f1": 0.4242511725547827, "precision": 0.4362428746392844, "recall": 0.4156190476190476, "total_time_in_seconds": 939.7755538281053, "samples_per_second": 134.07456651404522, "latency_in_seconds": 0.0074585361414929}