{"accuracy": 0.6461904761904762, "f1": 0.6421702152230626, "precision": 0.673184901827529, "recall": 0.6461904761904762, "total_time_in_seconds": 963.4958998002112, "samples_per_second": 130.77377913712672, "latency_in_seconds": 0.007646792855557232}