{"accuracy": 0.6810079365079366, "f1": 0.6729179430371395, "precision": 0.6715481147550676, "recall": 0.6810079365079366, "total_time_in_seconds": 922.6148176039569, "samples_per_second": 136.56836807284722, "latency_in_seconds": 0.007322339822253627}