{"accuracy": 0.3950952380952381, "f1": 0.32096121759039054, "precision": 0.5554107148189876, "recall": 0.3950952380952381, "total_time_in_seconds": 1729.1356726568192, "samples_per_second": 72.86877599743278, "latency_in_seconds": 0.013723298989339834}