{"accuracy": 0.5738809523809524, "f1": 0.5517679395105395, "precision": 0.5479533240415605, "recall": 0.5738809523809524, "total_time_in_seconds": 938.7361710891128, "samples_per_second": 134.22301588082624, "latency_in_seconds": 0.007450287072135815}