{"accuracy": 0.6404126984126984, "f1": 0.5421960764748356, "precision": 0.6043664410555007, "recall": 0.6404126984126984, "total_time_in_seconds": 550.0291928406805, "samples_per_second": 229.07875007371968, "latency_in_seconds": 0.004365311054291114}