{"accuracy": 0.6673412698412698, "f1": 0.5693265684788035, "precision": 0.6754901221051369, "recall": 0.6673412698412697, "total_time_in_seconds": 3825.167499618605, "samples_per_second": 32.93973401493217, "latency_in_seconds": 0.030358472219195277}