{"accuracy": 0.502015873015873, "f1": 0.4873565594139621, "precision": 0.6549960267023457, "recall": 0.502015873015873, "total_time_in_seconds": 958.2069661039859, "samples_per_second": 131.49560007094158, "latency_in_seconds": 0.007604817191301475}