{"accuracy": 0.5952142857142857, "f1": 0.48901103155992703, "precision": 0.5582480589905683, "recall": 0.5952142857142858, "total_time_in_seconds": 2838.8382514137775, "samples_per_second": 44.38435333089175, "latency_in_seconds": 0.022530462312807756}