{"accuracy": 0.5768095238095238, "f1": 0.48724517025095765, "precision": 0.5877887522039335, "recall": 0.5768095238095238, "total_time_in_seconds": 949.2341695190407, "samples_per_second": 132.7385844778869, "latency_in_seconds": 0.007533604519992387}