{"accuracy": 0.5327857142857143, "f1": 0.43511691020007753, "precision": 0.44915282040036875, "recall": 0.5327857142857143, "total_time_in_seconds": 1064.0165800859686, "samples_per_second": 118.41920733022756, "latency_in_seconds": 0.008444576032428323}