{"accuracy": 0.12262698412698413, "f1": 0.10454908968155761, "precision": 0.09230538823659656, "recall": 0.12262698412698413, "total_time_in_seconds": 954.1348426882178, "samples_per_second": 132.05680618999568, "latency_in_seconds": 0.007572498751493792}