{"accuracy": 0.13144444444444445, "f1": 0.11121109386241464, "precision": 0.09706960032758384, "recall": 0.13144444444444445, "total_time_in_seconds": 978.5268149357289, "samples_per_second": 128.76499455794257, "latency_in_seconds": 0.007766085832823244}