{"accuracy": 0.6066984126984127, "f1": 0.48757784226934103, "precision": 0.6283632549789077, "recall": 0.6066984126984127, "total_time_in_seconds": 550.7979600317776, "samples_per_second": 228.75901717706176, "latency_in_seconds": 0.004371412381204584}